"hid","hi6","hi3d","tbegun","tended","hi10","icode","nvisit","hi11","hi12","hi13","hi14","hl1","hl3a","hl3","hl4","hl4a","hl4b","hl8","hl9","hi9a","hi9b","hi9c","hi9d","hi9e","hi9f","hi9g","hi9h","hi9i","hi9j","hi10a","hi10b","hi10c","hi10d","hi10e","hi9","hi8","hi8a","hi8b","si1","si1a","si1b","himem","wlthscor","wlthind5","hhweight"
1,2,26,825,925,1,1,3,2,2,1,1,1,1,1,40,0,2,2,1,2,1,2,2,2,2,2,2,2,2,2,2,2,2,2,1,1,1,5,2,1,1.79769313486232e+308,6,-0.87876083447654,2,2598.255208
2,2,27,920,1005,1,1,3,2,2,0,0,1,1,2,47,0,2,1,1,1,2,2,2,2,2,2,2,2,2,2,2,2,2,2,2,7,1,1,4,1,1.79769313486232e+308,4,-0.144288591326202,3,2598.255208
3,2,24,1221,1330,1,1,1,2,2,3,3,1,1,1,35,0,2,2,1,2,2,2,2,2,2,2,2,2,2,2,2,2,2,2,1,3,1,5,2,1,1.79769313486232e+308,6,-1.10793361338529,1,2598.255208
4,1,30,825,850,1,1,1,0,0,0,0,1,1,1,78,0,2,2,1,1,1,1,2,2,2,2,2,2,2,1,2,2,2,2,3,7,1,3,1,1,1.79769313486232e+308,3,0.250247063877834,4,587.18216
5,1,30,1340,1440,1,1,1,2,2,0,0,1,1,2,61,0,2,3,1,1,1,1,2,2,2,2,2,2,2,1,1,2,2,2,3,7,1,1,2,1,1.79769313486232e+308,9,0.446131510171858,4,587.18216
6,1,26,1405,1510,1,1,1,2,2,0,0,1,1,1,49,0,1,0,0,1,1,1,1,2,1,2,1,2,2,2,2,2,2,2,2,7,1,1,2,1,1.79769313486232e+308,5,0.998180625011738,5,725.356294
7,1,5,1155,1300,1,1,2,3,3,0,0,1,1,1,44,0,2,2,1,1,1,1,1,2,1,2,1,2,2,2,1,1,2,2,3,8,1,1,1,1,1.79769313486232e+308,6,1.80426072763555,5,725.356294
8,1,29,1325,1425,1,1,1,1,1,0,0,1,1,1,57,0,2,2,1,1,1,1,1,1,1,2,2,2,2,1,2,1,2,2,3,7,1,1,1,1,1.79769313486232e+308,5,1.56107884518944,5,725.356294
9,2,23,1300,1430,1,1,1,1,1,2,2,1,1,1,35,0,2,2,1,1,2,1,2,2,2,2,2,2,2,2,2,2,2,2,2,2,5,2,2,1,1.79769313486232e+308,6,-0.90199726737233,2,1351.579585
10,2,23,1520,1650,1,1,1,0,0,1,1,1,1,1,45,0,2,2,1,2,2,2,2,2,2,2,2,2,2,2,2,2,2,2,3,1,5,1,2,1,1.79769313486232e+308,7,-1.03293726331115,1,1351.579585
11,2,24,1030,1140,1,1,1,0,0,0,0,1,1,2,72,0,2,3,1,1,1,1,2,2,2,2,2,2,2,2,2,2,2,2,2,7,5,1,2,1,1.79769313486232e+308,2,-0.184779549717129,3,1351.579585
12,2,25,1550,1655,1,1,1,1,1,2,2,1,1,1,31,0,2,2,1,1,1,1,1,2,1,2,2,2,2,1,2,2,2,2,1,7,5,1,2,1,1.79769313486232e+308,5,0.395595049149316,4,1351.579585
13,2,24,1500,1545,1,2,1,1,1,0,0,1,1,1,50,0,2,2,1,2,1,2,2,2,2,2,2,2,2,2,2,2,2,2,2,3,5,2,2,1,1.79769313486232e+308,3,-1.28121041042648,1,2544.591688
14,2,25,830,920,1,2,1,0,0,0,0,1,1,2,66,0,2,3,2,1,1,1,2,2,2,2,2,2,2,2,2,2,1,2,3,1,1,2,4,1,1.79769313486232e+308,4,-0.441120420719149,2,2544.591688
15,1,26,835,1030,1,1,3,1,1,2,2,1,1,1,41,0,2,2,1,1,1,1,1,2,1,2,2,2,2,1,1,2,2,2,2,8,1,1,2,1,1.79769313486232e+308,5,1.18253905089245,5,958.102941
16,1,26,1000,1129,1,1,3,2,2,0,0,1,1,2,57,0,2,3,1,1,1,1,1,1,1,2,1,2,1,1,1,1,2,2,4,6,1,1,2,1,1.79769313486232e+308,5,2.32297333352363,5,958.102941
17,1,26,1000,1110,1,1,1,3,3,1,1,1,1,1,47,0,2,2,1,1,1,1,2,2,2,2,2,2,2,1,2,2,2,2,3,7,5,5,2,1,1.79769313486232e+308,8,-0.547442660696766,2,958.102941
18,1,23,1040,1120,1,2,1,3,3,3,3,1,1,1,56,0,2,2,1,1,1,1,2,2,2,2,2,2,2,2,2,2,2,2,3,2,5,2,1,1,1.79769313486232e+308,8,-0.627121923165255,2,2406.855578
19,2,24,955,1005,1,1,1,2,2,0,0,1,1,1,34,0,2,2,2,1,1,1,2,2,2,2,2,2,2,1,2,2,2,2,2,7,1,1,1,1,1.79769313486232e+308,4,0.428316041718084,4,2242.878529
20,2,24,1250,1325,1,2,1,2,2,1,1,1,1,1,40,0,2,2,2,1,1,1,2,2,2,2,2,2,2,2,2,2,2,2,3,1,5,5,1,1,1.79769313486232e+308,6,-0.741669394276492,2,2242.878529
21,2,6,1300,1350,1,2,1,1,1,0,0,1,1,2,55,0,2,3,1,1,1,1,2,2,2,2,2,2,2,2,2,2,2,2,2,7,1,3,1,1,1.79769313486232e+308,5,0.151539002612512,3,2309.95061
22,2,1,1040,1105,1,2,1,1,1,2,2,1,1,1,29,0,2,2,1,2,1,2,2,2,2,2,2,2,2,1,2,2,2,2,1,1,5,2,2,1,1.79769313486232e+308,4,-1.12218323516517,1,2365.133573
23,2,1,1535,1605,1,1,1,1,1,1,1,1,1,1,75,0,2,2,1,1,1,1,2,2,1,2,2,2,2,2,2,2,2,2,2,7,5,3,1,1,1.79769313486232e+308,8,-0.0417637181852186,3,2365.133573
24,2,30,715,820,1,2,1,2,2,0,0,1,1,1,64,0,2,2,1,2,1,2,2,2,2,2,2,2,2,2,2,2,2,2,3,1,1,5,1,1,1.79769313486232e+308,6,-0.753575112536604,2,3462.711538
25,1,26,905,1032,1,2,2,2,2,1,1,1,1,1,70,0,2,2,1,1,1,1,1,2,1,1,2,2,2,2,2,2,2,2,5,7,1,1,2,1,1.79769313486232e+308,9,1.11294664851122,5,1202.34375
26,1,24,1435,1515,1,1,1,1,1,3,3,1,1,1,35,0,2,2,1,1,1,1,2,2,1,2,2,2,2,1,1,2,2,2,2,7,1,2,2,1,1.79769313486232e+308,7,0.361879070154461,4,1474.235853
27,1,27,900,950,1,1,2,2,2,0,0,1,1,1,44,0,2,2,1,1,1,1,1,2,1,2,1,2,2,2,2,2,2,2,2,7,1,1,2,1,1.79769313486232e+308,6,0.998180625011738,5,1474.235853
28,2,29,925,950,1,1,2,1,1,0,0,1,1,1,26,0,2,2,1,2,2,2,2,2,2,2,2,2,2,2,2,2,2,2,1,7,1,1,1,1,1.79769313486232e+308,2,-0.240353210950062,3,1388.537028
29,2,23,1300,1345,1,1,1,2,2,2,2,1,1,2,69,0,2,3,1,1,1,1,2,2,2,2,2,2,2,1,2,2,2,2,2,1,1,2,2,1,1.79769313486232e+308,6,-0.255217729862672,3,1388.537028
30,2,25,915,1004,1,2,1,3,3,0,0,1,1,1,49,0,2,2,1,1,1,1,2,2,1,2,1,2,2,2,2,2,2,2,2,7,1,1,2,1,1.79769313486232e+308,6,0.712413174842839,4,1388.537028
31,1,30,935,950,1,2,2,0,0,0,0,1,1,1,44,0,1,0,0,1,1,2,1,2,1,2,1,2,2,2,2,2,2,2,1,8,1,1,2,1,1.79769313486232e+308,5,0.99640827262246,5,1301.953806
32,1,22,425,505,1,3,1,2,2,1,1,1,1,1,46,0,2,2,1,1,1,1,2,1,1,1,1,1,1,2,2,2,2,2,3,6,1,1,2,2,1,6,2.22904619331133,5,1064.247892
33,1,23,940,1000,1,3,1,2,2,1,1,1,1,1,45,0,2,2,1,1,1,1,2,2,2,2,2,2,2,2,2,2,2,2,1,7,1,1,2,2,2,7,0.223586301158446,3,1064.247892
34,2,26,300,330,1,3,1,1,1,1,1,1,1,1,33,0,2,2,1,1,1,2,2,2,2,2,2,2,2,2,2,2,2,2,1,7,1,5,2,1,1.79769313486232e+308,5,-0.417642056012783,2,2403.636286
35,2,29,1000,1030,1,3,1,1,1,3,3,1,1,1,41,0,2,2,1,1,1,1,2,2,1,2,2,2,2,1,2,2,2,2,1,3,1,3,2,2,2,5,0.0207728784741725,3,2403.636286
36,2,29,1030,1100,1,3,1,2,2,0,0,1,1,1,52,0,2,2,1,2,2,2,2,2,2,2,2,2,2,2,2,2,2,2,2,3,1,3,2,2,2,5,-0.882123546917437,2,2403.636286
37,1,25,1000,1150,1,2,1,1,1,0,0,1,1,1,44,0,2,2,3,1,2,1,2,2,2,2,2,2,2,2,2,2,2,2,2,7,1,1,2,1,1.79769313486232e+308,9,0.0738966788913073,3,2259.364399
38,2,26,1250,130,1,1,1,1,0,0,0,1,1,1,64,0,2,2,3,1,1,1,2,1,1,2,1,2,2,2,2,1,2,2,4,7,1,1,2,1,1.79769313486232e+308,8,1.32518135542183,5,2231.830675
39,2,27,350,430,1,1,1,4,4,0,0,1,1,1,40,0,2,2,1,1,1,1,2,2,2,2,2,2,2,2,2,2,2,2,3,7,1,1,2,1,1.79769313486232e+308,7,0.223586301158446,3,2231.830675
40,2,23,1023,1040,1,1,1,0,0,0,0,1,1,2,73,0,2,1,1,1,1,1,2,2,2,2,2,2,2,2,2,2,2,2,1,7,1,2,2,1,1.79769313486232e+308,1,-0.0757292689367955,3,2404.178859
41,2,23,1350,1450,2,1,2,1,1,3,3,1,1,1,38,0,2,2,1,1,1,1,2,2,1,2,2,2,2,2,2,1,2,2,2,7,1,1,2,1,1.79769313486232e+308,5,1.79769313486232e+308,1.79769313486232e+308,2404.178859
42,2,24,1100,1202,1,1,1,2,1,0,0,1,1,1,46,0,2,2,1,1,1,1,2,2,1,2,2,2,2,2,2,1,2,2,2,2,1,2,2,1,1.79769313486232e+308,6,0.230929693601396,4,2404.178859
43,1,30,820,900,1,1,1,0,0,0,0,1,1,1,52,0,2,2,1,1,2,1,2,2,1,2,2,2,2,2,2,2,2,2,2,7,1,1,2,1,1.79769313486232e+308,4,0.30812385161477,4,2338.794566
44,1,1,1240,1325,1,1,1,1,1,0,0,1,1,1,43,0,2,2,1,1,2,1,2,2,1,2,1,2,2,2,2,2,2,2,2,7,1,1,2,1,1.79769313486232e+308,4,0.5627235525757,4,2338.794566
45,1,1,1600,1610,1,2,1,0,0,0,0,1,1,1,23,0,2,1,1,1,1,2,2,2,2,2,2,2,2,2,2,2,2,2,1,7,1,1,1,1,1.79769313486232e+308,4,0.130586752880873,3,1762.133431
46,1,22,840,900,1,2,1,0,0,0,0,1,1,2,75,0,2,3,1,1,1,1,1,2,1,2,1,2,1,2,2,2,2,2,3,2,1,1,2,1,1.79769313486232e+308,4,1.11420772605424,5,1515.713349
47,1,23,1840,1915,1,2,1,1,1,0,0,1,1,1,39,0,2,2,1,1,1,1,1,1,1,2,1,1,2,1,2,1,2,2,3,2,1,1,1,1,1.79769313486232e+308,5,1.95229417312032,5,1515.713349
48,1,24,1755,1825,1,2,1,2,2,0,0,1,1,2,36,0,2,1,1,1,1,1,1,1,1,2,1,2,1,1,2,2,2,2,3,2,1,2,1,1,1.79769313486232e+308,4,1.29174576199008,5,1515.713349
49,1,24,1826,1840,1,2,1,1,1,0,0,1,1,1,17,0,2,1,1,1,2,2,2,2,2,2,2,2,2,2,2,2,2,2,1,2,1,2,1,1,1.79769313486232e+308,2,-0.567466922128709,2,1515.713349
50,2,25,1142,1220,1,3,2,1,1,2,2,1,1,1,39,0,2,2,1,1,1,1,2,2,2,2,2,2,2,2,2,2,2,2,2,7,1,1,1,1,1.79769313486232e+308,9,0.348772023098382,4,1906.71618
51,2,23,930,1010,1,3,1,1,1,0,0,1,1,1,52,0,2,2,3,1,1,2,2,2,2,2,2,2,2,2,2,2,2,2,2,2,1,4,2,1,1.79769313486232e+308,3,-0.461001482342093,2,1906.71618
52,2,24,1300,1350,1,3,1,1,1,0,0,1,1,2,29,0,2,1,1,1,1,2,2,2,2,2,2,2,2,2,2,2,2,2,2,7,1,3,2,1,1.79769313486232e+308,5,-0.191831989544933,3,1906.71618
53,2,23,810,920,1,2,1,1,1,1,1,1,1,1,39,0,2,2,1,2,2,2,2,2,2,2,2,2,2,2,2,2,2,2,1,3,5,5,1,1,1.79769313486232e+308,5,-1.41027778496655,1,2618.404061
54,2,23,1300,1410,1,2,1,1,1,0,0,1,1,1,43,0,2,2,1,1,1,2,2,2,2,2,2,2,2,2,2,2,2,2,2,1,1,5,3,2,3,5,-0.657510492912744,2,2618.404061
55,1,29,1330,1430,1,2,1,0,0,0,0,1,1,1,51,0,2,2,1,1,1,1,2,2,2,2,2,2,2,1,1,2,2,2,1,7,1,1,2,1,1.79769313486232e+308,2,0.446131510171858,4,2558.630841
56,1,1,1300,1430,1,2,1,1,1,1,1,1,1,1,34,0,2,2,1,1,1,1,2,2,1,2,1,2,1,1,1,2,2,2,2,7,5,2,1,1,1.79769313486232e+308,6,0.660046140578215,4,2558.630841
57,2,6,710,810,1,3,1,2,2,0,0,1,1,1,40,0,2,2,1,1,1,1,2,2,2,2,2,2,2,2,2,2,2,2,2,7,1,3,2,1,1.79769313486232e+308,6,0.026353280672576,3,3488.279456
58,1,9,1500,1545,1,4,3,1,1,0,0,1,1,2,38,0,2,1,1,1,1,1,1,1,1,2,1,1,2,2,2,2,2,2,3,7,1,2,1,1,1.79769313486232e+308,1,1.48183875194502,5,3228.150376
59,1,30,1055,1125,1,4,1,2,2,0,0,1,1,1,36,0,2,2,1,1,2,1,1,2,1,2,2,2,2,2,1,2,2,2,2,7,1,3,2,1,1.79769313486232e+308,5,0.539659471691509,4,3228.150376
60,2,26,900,940,1,3,1,3,3,0,0,1,1,2,48,0,2,5,1,1,1,1,2,2,2,2,1,2,2,2,2,2,2,2,2,7,1,1,1,1,1.79769313486232e+308,4,0.603371724059313,4,1899.526185
61,2,26,1410,1500,1,3,1,1,1,0,0,1,1,1,44,0,2,2,2,1,2,1,2,2,2,2,2,2,2,1,1,2,2,2,2,7,1,3,1,1,1.79769313486232e+308,6,0.224394589358786,4,1899.526185
62,1,22,1104,1207,1,5,1,2,2,1,1,1,1,2,61,0,2,3,1,1,1,1,2,2,2,2,2,2,2,2,2,2,2,2,2,7,1,1,2,1,1.79769313486232e+308,6,0.223586301158446,3,1440.207567
63,1,26,1440,1505,1,6,1,1,1,2,2,1,1,1,29,0,2,2,1,1,2,1,2,2,2,2,2,2,2,1,2,2,2,2,2,7,1,1,2,3,1.79769313486232e+308,5,0.15344069751101,3,1666.056897
64,1,23,1100,1140,1,6,1,1,1,1,1,1,1,1,37,0,2,2,1,1,2,1,2,2,1,2,1,2,2,1,2,2,2,2,1,7,1,1,2,3,1.79769313486232e+308,5,0.642267571195403,4,1507.956007
65,1,24,900,925,1,6,1,1,1,0,0,1,1,1,30,0,2,2,1,1,1,1,2,2,1,2,2,2,2,2,1,2,2,2,1,7,1,1,2,3,1.79769313486232e+308,3,0.600814664275619,4,1507.956007
66,1,27,1208,1235,1,4,1,1,1,1,1,1,1,1,26,0,2,2,1,1,1,1,2,2,2,2,2,2,2,2,2,2,2,2,1,7,1,2,2,3,1.79769313486232e+308,5,-0.0948933115824146,3,1342.821889
67,1,30,925,959,1,4,1,1,1,0,0,1,1,1,56,0,2,2,1,1,1,1,2,2,2,2,2,2,2,2,1,2,2,2,2,7,1,1,2,1,1.79769313486232e+308,6,0.366587491552156,4,1342.821889
68,1,30,1045,1120,1,4,1,1,1,1,1,1,1,1,36,0,2,2,1,1,1,1,2,2,2,2,2,2,2,2,2,2,2,2,1,1,1,3,2,1,1.79769313486232e+308,7,-0.213515156227384,3,1342.821889
69,1,3,845,905,1,4,1,1,1,2,2,1,1,1,58,0,2,2,1,1,1,1,2,1,1,2,1,2,2,1,2,2,2,2,3,7,1,1,2,1,1.79769313486232e+308,9,1.0832451015796,5,1666.398058
70,1,24,1030,1103,1,4,2,2,2,1,1,1,1,1,48,0,2,2,1,1,2,1,2,2,2,2,2,2,2,2,2,2,2,2,2,7,1,1,2,3,1.79769313486232e+308,6,0.0738966788913073,3,1873.51629
71,1,24,1330,1456,1,4,2,3,3,3,3,1,1,1,41,0,2,2,1,1,2,2,2,2,2,2,2,2,2,2,1,2,2,2,2,7,5,5,2,1,1.79769313486232e+308,13,-0.851860381407406,2,1873.51629
72,2,26,1006,1100,1,2,1,1,1,0,0,1,1,1,45,0,2,2,1,2,2,2,2,2,2,2,2,2,2,2,2,2,2,2,1,7,1,1,2,1,1.79769313486232e+308,6,-0.365538932889998,2,3495.37037
73,2,26,1531,1702,1,2,1,1,1,1,1,1,1,1,32,0,2,2,1,1,1,2,2,2,2,2,2,2,2,1,2,2,2,2,1,7,5,1,2,1,1.79769313486232e+308,6,-0.342584843960555,2,3495.37037
74,2,25,1511,1720,1,2,1,2,2,1,1,1,1,2,35,0,2,2,1,2,1,2,2,2,2,2,2,2,2,2,2,2,2,2,1,7,1,1,1,1,1.79769313486232e+308,6,-0.0906635886829235,3,3772.780717
75,2,1,901,1010,1,2,1,1,1,0,0,1,1,1,51,0,2,2,2,1,1,2,2,2,2,2,2,2,2,2,2,2,2,2,1,3,1,5,1,1,1.79769313486232e+308,6,-0.611807927614416,2,3772.780717
76,2,2,901,1030,1,2,1,1,1,0,0,1,1,1,37,0,2,2,1,1,1,1,2,2,2,2,2,2,2,1,2,2,2,2,2,7,1,1,1,1,1.79769313486232e+308,7,0.428316041718084,4,3772.780717
77,1,23,1830,1855,1,3,1,1,1,1,1,1,1,1,86,0,2,3,1,1,1,1,2,2,1,2,1,2,2,2,2,2,2,2,0,7,1,3,1,1,1.79769313486232e+308,5,0.640365876296906,4,1120.311628
78,1,3,1510,1550,1,6,1,1,1,1,1,1,1,1,83,0,2,2,1,1,1,1,2,2,2,2,2,2,2,2,2,2,2,2,2,7,1,1,2,1,1.79769313486232e+308,6,0.223586301158446,3,1499.169298
79,2,24,1530,1545,1,6,1,0,0,0,0,1,1,1,53,0,2,2,1,1,2,2,2,2,2,2,2,2,2,1,2,2,2,2,2,7,1,1,2,1,1.79769313486232e+308,3,-0.0647445727064996,3,3161.736161
80,2,25,920,1000,1,6,1,1,1,2,2,1,1,1,27,0,2,2,1,1,1,1,2,2,2,2,2,2,2,2,2,2,2,2,1,1,5,2,2,1,1.79769313486232e+308,6,-0.762291642003569,2,3161.736161
81,2,30,1004,1028,1,5,1,2,2,0,0,1,1,2,53,0,2,3,1,1,1,1,2,2,2,2,2,2,2,2,2,2,1,2,2,7,1,1,1,3,1.79769313486232e+308,7,0.242413350861608,4,3149.004961
82,2,1,1408,1430,1,5,1,0,0,0,0,1,1,2,56,0,2,2,2,1,1,1,2,2,2,2,2,2,2,2,2,2,2,2,2,1,5,5,4,3,1.79769313486232e+308,5,-0.866855116216428,2,3149.004961
83,2,24,810,925,1,4,1,1,1,2,2,1,1,1,43,0,2,2,1,2,1,2,2,2,2,2,2,2,2,2,2,2,2,2,1,1,5,5,1,3,1.79769313486232e+308,8,-1.1811050060578,1,3393.496382
84,1,28,1400,1405,1,5,2,0,0,0,0,1,1,1,61,0,2,2,1,1,1,1,1,2,1,2,2,2,2,1,1,2,2,2,1,7,1,2,2,3,1.79769313486232e+308,1,0.666810562968978,4,1883.725752
85,1,27,1455,1538,1,5,1,1,1,1,1,1,1,1,33,0,2,2,1,2,1,2,2,2,2,2,2,2,2,2,2,2,2,2,1,7,5,2,2,3,1.79769313486232e+308,6,-0.961858816884914,1,1883.725752
86,1,2,1620,1640,1,5,2,1,1,1,1,1,1,1,44,0,2,2,1,1,1,1,1,2,1,2,1,1,1,2,2,2,2,2,3,7,1,1,1,1,1.79769313486232e+308,5,1.83577795496729,5,1883.725752
87,1,26,1505,1550,1,4,1,1,1,1,1,1,1,1,28,0,2,2,1,2,1,2,2,2,2,2,2,2,2,2,2,2,2,2,1,3,1,2,2,3,1.79769313486232e+308,4,-0.853680516905289,2,1536.860278
88,1,29,805,900,1,4,1,2,2,0,0,1,1,1,46,0,2,2,1,1,2,2,2,2,2,2,2,2,2,2,2,2,2,2,1,2,1,2,2,3,1.79769313486232e+308,6,-0.692652644068645,2,1536.860278
89,1,29,1645,1720,1,4,1,2,1,1,1,1,1,1,29,0,2,2,1,1,1,1,2,2,2,2,2,2,2,2,2,2,2,2,1,2,1,2,1,3,1.79769313486232e+308,5,-0.199592029644061,3,1536.860278
90,2,27,847,908,1,4,1,1,1,2,2,1,1,1,34,0,2,2,2,1,1,1,2,2,2,2,2,2,2,2,2,2,2,2,2,3,1,5,2,1,1.79769313486232e+308,6,-0.518808379336843,2,2145.364035
91,2,27,919,940,1,4,1,1,1,1,1,1,1,1,35,0,2,2,2,2,1,2,2,2,2,2,2,2,2,2,2,2,2,2,1,3,1,5,2,1,1.79769313486232e+308,6,-0.958243991118149,1,2145.364035
92,1,23,1130,1148,1,4,1,0,0,0,0,1,1,1,68,0,2,3,2,2,1,2,2,2,2,2,2,2,2,2,2,2,2,2,2,3,1,5,2,1,1.79769313486232e+308,2,-0.93907994847253,2,3348.537313
93,1,23,1330,1430,1,3,1,1,1,2,2,1,1,1,33,0,2,1,1,1,1,1,2,2,2,2,1,2,2,2,2,2,2,2,1,6,5,2,2,1,1.79769313486232e+308,4,-0.124255726267275,3,3348.537313
94,1,24,1105,1155,1,4,2,2,2,1,1,1,1,1,59,0,2,2,1,1,1,1,2,2,1,2,2,2,2,1,2,2,2,2,2,3,1,3,2,1,1.79769313486232e+308,8,0.0207728784741725,3,3348.537313
95,1,24,1520,1620,1,3,1,1,1,1,1,1,1,1,27,0,2,2,1,1,1,1,2,2,2,2,2,2,2,1,1,2,2,2,2,7,5,2,2,1,1.79769313486232e+308,3,-0.299877996090196,3,3348.537313
96,1,1,1450,1520,1,5,1,1,1,0,0,1,1,2,66,0,2,1,1,1,1,1,1,1,1,1,2,1,1,2,2,1,2,2,2,7,1,1,1,1,1.79769313486232e+308,3,2.56331215904577,5,1113.121389
97,1,1,1540,1600,1,5,1,0,0,0,0,1,1,2,87,0,1,0,0,1,1,1,1,2,2,2,2,2,2,2,2,2,2,2,1,7,1,3,2,1,1.79769313486232e+308,2,0.312120730841475,4,1113.121389
98,1,3,1055,1140,1,5,1,1,1,0,0,1,1,1,49,0,2,2,2,1,2,1,2,2,1,2,1,2,2,2,2,2,2,2,1,7,1,2,2,1,1.79769313486232e+308,4,0.24424393983484,4,1113.121389
99,1,3,1100,1120,1,5,1,2,2,0,0,1,1,1,46,0,2,2,1,1,1,1,1,1,1,2,1,2,2,2,2,2,2,2,2,4,1,1,1,1,1.79769313486232e+308,3,1.36546468616805,5,1113.121389
100,1,4,1145,1200,1,5,1,1,1,1,1,1,1,1,24,0,2,2,1,1,1,2,2,2,1,2,2,2,2,2,2,2,2,2,2,7,1,1,1,1,1.79769313486232e+308,3,0.364813925604336,4,1113.121389
101,1,27,1520,1555,1,5,1,1,1,0,0,1,1,1,47,0,2,2,1,1,1,1,2,1,1,1,1,2,2,1,1,1,2,2,2,6,1,1,1,1,1.79769313486232e+308,3,2.185845788711,5,977.868003
102,1,22,1550,1630,1,5,1,0,0,0,0,1,1,2,73,0,2,1,1,1,1,2,2,2,2,2,2,2,2,2,2,2,2,2,1,7,1,1,3,3,1.79769313486232e+308,1,0.024565073586556,3,1944.04776
103,1,25,1005,1025,1,5,1,1,1,0,0,1,1,1,53,0,2,2,1,1,1,1,1,1,1,2,1,2,2,2,1,1,2,2,5,8,1,1,1,1,1.79769313486232e+308,4,2.11471267839823,5,1944.04776
104,1,24,1140,1255,1,5,1,3,3,0,0,1,1,1,67,0,2,2,1,1,1,1,1,1,1,1,1,2,1,1,2,1,2,2,5,8,1,1,2,1,1.79769313486232e+308,5,2.64134705018878,5,1944.04776
105,1,29,1508,1605,1,4,1,2,2,0,0,1,1,1,41,0,2,2,1,1,1,2,2,2,1,2,1,2,2,2,2,2,2,2,1,7,1,1,1,1,1.79769313486232e+308,6,0.619413626565266,4,2394.990023
106,1,30,940,1005,1,4,1,1,1,1,1,1,1,1,22,0,1,0,0,1,1,1,2,2,2,2,2,2,2,2,2,2,2,2,1,7,1,1,2,1,1.79769313486232e+308,3,0.223586301158446,3,2394.990023
107,1,24,1035,1055,1,4,1,1,1,0,0,1,1,1,37,0,2,2,1,1,1,1,2,2,1,2,1,2,2,2,2,2,2,2,3,7,1,2,1,1,1.79769313486232e+308,4,0.519119284041915,4,711.642393
108,2,26,1401,1500,1,6,1,3,3,2,2,1,1,1,51,0,2,2,1,1,1,1,2,2,2,2,1,2,2,1,2,2,2,2,4,7,1,3,2,1,1.79769313486232e+308,8,0.360497000253209,4,2969.45
109,1,1,1400,1440,1,6,1,2,1,0,0,1,1,1,45,0,2,2,1,1,1,1,2,2,1,2,1,2,1,2,2,2,2,2,2,7,1,1,2,1,1.79769313486232e+308,5,1.05832471588692,5,2101.267604
110,1,22,800,910,1,6,1,1,1,0,0,1,1,1,41,0,2,2,1,1,1,1,2,2,2,2,2,2,2,1,2,2,2,2,2,1,1,2,2,1,1.79769313486232e+308,4,-0.255217729862672,3,1745.497428
111,1,23,920,1050,1,6,1,4,4,0,0,1,1,1,46,0,2,2,1,1,1,2,1,1,1,2,1,2,2,2,2,2,2,2,3,7,1,1,1,1,1.79769313486232e+308,6,1.19646898485123,5,1745.497428
112,1,23,1115,1200,1,6,1,1,1,0,0,1,1,1,40,0,2,2,1,1,1,1,2,2,2,2,2,2,2,2,2,2,2,2,2,7,1,1,1,1,1.79769313486232e+308,6,0.348772023098382,4,1745.497428
113,1,23,1400,1420,1,6,1,0,0,0,0,1,1,2,67,0,2,3,1,1,1,1,2,1,1,2,2,2,2,2,2,2,2,2,1,7,1,1,1,2,2,1,0.893451146584527,5,1745.497428
114,1,22,1725,1840,1,4,1,1,1,2,2,1,1,1,31,0,2,2,1,1,2,1,2,2,2,2,2,2,2,2,2,2,2,2,2,7,1,1,2,1,1.79769313486232e+308,5,0.0738966788913073,3,1745.497428
115,2,22,1310,1346,1,4,1,0,0,1,1,1,1,1,81,0,2,2,2,2,2,2,2,2,2,2,2,2,2,2,2,2,2,2,1,3,5,5,2,1,1.79769313486232e+308,5,-1.53546350690648,1,3402.445462
116,2,23,1300,1330,1,4,1,2,2,1,1,1,1,1,30,0,2,2,1,2,2,2,2,2,2,2,2,2,2,2,2,2,2,2,1,2,5,5,2,1,1.79769313486232e+308,4,-1.4459963533665,1,3402.445462
117,2,25,935,945,1,4,1,0,0,0,0,1,1,2,67,0,2,1,2,2,2,2,2,2,2,2,2,2,2,2,2,2,2,2,1,3,1,2,2,1,1.79769313486232e+308,1,-0.984206096526809,1,3402.445462
118,1,26,830,850,1,4,1,1,1,1,1,1,1,1,32,0,2,2,1,1,2,2,2,2,2,2,2,2,2,2,2,2,2,2,1,7,1,3,2,1,1.79769313486232e+308,3,-0.341521611812072,2,1773.049145
119,2,22,1300,1330,1,5,1,1,1,1,1,1,1,1,28,0,2,1,1,1,1,2,2,2,2,2,2,2,2,2,2,2,2,2,2,7,1,5,2,1,1.79769313486232e+308,3,-0.417642056012783,2,3711.255556
120,1,24,950,1045,1,7,2,1,1,1,1,1,1,1,30,0,2,2,1,1,1,2,2,2,2,2,2,2,2,2,2,2,2,2,1,3,1,5,1,1,1.79769313486232e+308,4,-0.611807927614416,2,2646.038152
121,1,22,1015,1040,1,7,1,1,1,1,1,1,1,1,31,0,2,2,1,1,1,1,2,2,2,2,2,2,2,2,2,2,2,2,1,3,1,5,2,1,1.79769313486232e+308,3,-0.518808379336843,2,2646.038152
122,1,1,800,840,1,7,1,5,5,0,0,1,1,2,25,0,2,1,1,1,2,2,2,2,2,2,2,2,2,2,2,2,2,2,1,3,1,3,1,1,1.79769313486232e+308,5,-0.535687483413704,2,2861.149041
123,1,2,1420,1445,1,7,1,1,1,1,1,1,1,1,42,0,2,2,1,1,2,2,2,2,2,2,2,2,2,2,2,2,2,2,1,3,1,5,2,1,1.79769313486232e+308,7,-0.886683271821491,2,2861.149041
124,1,26,905,935,1,7,1,1,1,2,2,1,1,1,38,0,2,2,1,1,1,1,1,2,1,2,2,2,2,2,2,2,2,2,1,7,1,3,1,1,1.79769313486232e+308,5,0.671533625504874,4,651.67038
125,1,27,800,830,1,7,1,1,1,0,0,1,1,1,28,0,2,2,1,1,1,2,2,2,2,2,2,2,2,2,2,2,2,2,1,3,1,3,2,1,1.79769313486232e+308,2,-0.511183583086502,2,651.67038
126,2,26,840,935,1,5,1,1,1,1,1,1,1,1,45,0,2,2,1,1,2,2,2,2,2,2,2,2,2,2,2,2,2,2,2,3,1,3,2,1,1.79769313486232e+308,15,-0.660873205353641,2,3969.592361
127,2,30,915,1030,1,5,1,3,3,0,0,1,1,1,54,0,2,2,1,1,1,1,2,2,2,2,2,2,2,2,1,2,2,2,6,7,1,3,2,1,1.79769313486232e+308,8,0.169354471066286,3,3969.592361
128,2,29,900,1055,1,5,1,3,3,4,4,1,1,1,50,0,2,2,1,2,2,2,2,2,2,2,2,2,2,2,2,2,2,2,2,3,5,9,2,1,1.79769313486232e+308,14,-1.42917685693031,1,3969.592361
129,1,4,800,825,1,5,1,1,1,0,0,1,1,1,28,0,2,2,1,1,1,1,2,2,2,2,1,2,2,2,1,2,2,2,1,7,1,5,2,1,1.79769313486232e+308,2,0.198144105559366,3,2650.239647
130,1,6,1400,1455,1,5,1,1,1,0,0,1,1,1,39,0,2,2,1,1,1,1,2,2,1,2,2,2,2,2,2,2,2,2,1,7,1,1,1,1,1.79769313486232e+308,6,0.582999195821845,4,2650.239647
131,1,26,910,1045,1,6,1,1,1,2,2,1,1,1,43,0,2,2,1,1,1,1,2,2,2,2,2,2,2,2,2,2,2,2,3,2,1,2,2,1,1.79769313486232e+308,11,-0.324777751583997,2,1987.677358
132,1,29,910,1000,1,6,2,2,2,0,0,1,1,1,47,0,2,2,1,1,1,1,1,2,1,2,2,2,2,2,2,2,2,2,3,7,1,3,2,1,1.79769313486232e+308,6,0.546347903564938,4,1987.677358
133,1,23,1550,1645,1,6,1,1,1,2,2,1,1,1,46,0,2,2,3,1,1,1,2,2,2,2,2,2,2,2,2,2,2,2,3,3,1,2,2,1,1.79769313486232e+308,8,-0.414244905123984,2,1644.254458
134,1,24,1425,1500,1,6,1,0,0,0,0,1,1,1,81,0,2,2,3,1,2,2,2,2,2,2,2,2,2,2,2,2,2,2,3,7,1,3,3,1,1.79769313486232e+308,7,-0.341521611812072,2,1644.254458
135,2,2,940,1045,1,6,1,1,1,1,1,1,1,1,39,0,2,2,1,1,1,2,2,2,2,2,2,2,2,2,2,2,2,2,2,2,1,2,2,1,1.79769313486232e+308,8,-0.542963021801507,2,3458.855
136,2,25,830,950,1,2,1,1,1,1,1,1,1,1,33,0,2,2,1,1,1,1,2,2,2,2,2,2,2,1,2,2,2,2,2,2,1,2,2,3,1.79769313486232e+308,6,-0.245233732964295,3,2605.236987
137,1,27,910,1000,1,1,1,1,1,1,1,1,1,1,33,0,2,2,1,2,2,2,2,2,2,2,2,2,2,2,2,2,2,2,2,2,8,2,2,1,1.79769313486232e+308,4,-1.16603212337588,1,3646.990666
138,2,29,1005,1130,1,2,1,1,1,1,1,1,1,1,38,0,2,2,1,2,2,2,2,2,2,2,2,2,2,2,2,2,2,2,2,3,5,5,2,1,1.79769313486232e+308,7,-1.53546350690648,1,1818.597846
139,2,30,1510,1555,1,2,1,1,1,1,1,1,1,1,33,0,2,2,1,1,1,2,2,2,2,2,2,2,2,1,2,2,2,2,1,1,1,5,2,1,1.79769313486232e+308,3,-0.577966474293041,2,1818.597846
140,2,29,940,1005,1,3,1,2,2,0,0,1,1,1,50,0,2,2,1,1,1,1,2,2,2,2,2,2,2,2,2,2,2,2,3,7,1,1,2,1,1.79769313486232e+308,3,0.242750343804065,4,3353.020141
141,2,30,950,1010,1,3,2,0,0,0,0,1,1,1,42,0,2,2,1,1,1,1,2,2,2,2,2,2,2,1,2,2,2,2,3,7,1,1,2,1,1.79769313486232e+308,4,0.303130319778148,4,3353.020141
142,1,29,1629,1650,1,4,1,1,1,0,0,1,1,1,41,0,2,2,1,1,1,1,2,2,2,2,2,2,2,2,2,2,2,2,1,2,1,2,2,1,1.79769313486232e+308,2,-0.324777751583997,2,1923.765471
143,1,4,1004,1028,1,4,2,3,3,0,0,1,1,1,42,0,2,2,1,1,1,2,2,2,2,2,2,2,2,2,2,2,2,2,2,2,1,2,3,1,1.79769313486232e+308,5,-0.542963021801507,2,1703.135882
144,1,3,1800,1850,1,5,2,1,1,0,0,1,1,2,40,0,2,3,1,1,1,1,2,2,1,2,2,2,2,2,2,2,2,2,1,2,1,2,1,1,1.79769313486232e+308,3,0.0346351430794018,3,1703.135882
145,1,3,1055,1130,1,5,2,1,1,0,0,1,1,1,37,0,2,2,1,1,1,1,2,2,1,2,2,2,2,1,2,2,2,2,2,7,1,1,2,1,1.79769313486232e+308,5,0.537357492501611,4,1703.135882
146,2,24,830,900,1,5,1,1,1,1,1,1,1,1,25,0,2,2,1,2,1,2,2,2,2,2,2,2,2,2,2,2,2,2,1,3,5,5,2,1,1.79769313486232e+308,4,-1.38577388463934,1,1848.522812
147,2,22,901,947,1,4,1,2,2,2,2,1,1,1,35,0,2,2,3,2,1,2,2,2,2,2,2,2,2,2,2,2,2,2,1,3,5,5,2,1,1.79769313486232e+308,7,-1.38577388463934,1,2244.862785
148,2,22,1025,1110,1,3,1,1,1,2,2,1,1,1,32,0,2,2,1,2,1,2,2,2,2,2,2,2,2,2,2,2,2,2,2,3,1,5,2,1,1.79769313486232e+308,5,-0.958243991118149,1,2244.862785
149,1,25,730,755,1,3,1,1,1,0,0,1,1,1,51,0,2,2,1,2,1,2,2,2,2,2,2,2,2,2,2,2,2,2,2,2,1,5,2,1,1.79769313486232e+308,5,-0.868776837578163,2,1311.133174
150,1,26,920,1001,1,3,2,2,2,0,0,1,1,1,61,0,2,2,3,2,1,2,2,2,2,2,2,2,2,2,2,2,2,2,4,2,5,5,4,1,1.79769313486232e+308,4,-1.27714268845374,1,1311.133174
151,2,29,1330,1335,1,6,1,2,2,0,0,1,1,1,59,0,2,2,1,1,1,1,2,2,1,2,2,2,2,1,2,2,2,2,3,7,1,2,4,1,1.79769313486232e+308,5,0.218877879760751,3,2562.665483
152,1,27,1145,1215,1,6,2,1,1,0,0,1,1,1,26,0,2,2,1,1,1,2,2,2,2,2,2,2,2,2,2,2,2,2,1,2,1,2,2,1,1.79769313486232e+308,2,-0.542963021801507,2,882.023719
153,2,23,1220,1240,1,1,1,0,0,0,0,1,1,1,60,0,2,2,1,2,2,2,2,2,2,2,2,2,2,2,2,2,2,2,2,2,5,2,2,1,1.79769313486232e+308,4,-1.34143287915364,1,2746.648571
154,2,24,1620,1700,1,1,1,1,1,1,1,1,1,1,45,0,2,2,1,1,1,1,2,2,2,2,2,2,2,1,2,2,1,2,3,7,1,1,1,1,1.79769313486232e+308,8,0.32195736948131,4,2746.648571
155,2,23,914,950,1,4,1,1,1,1,1,1,1,1,32,0,2,2,3,2,1,2,2,2,2,2,2,2,2,2,2,2,2,2,1,2,5,3,2,1,1.79769313486232e+308,6,-1.07049666463151,1,632.842526
156,2,25,1200,1230,1,4,1,0,0,0,0,1,1,1,60,0,2,2,3,2,2,2,2,2,2,2,2,2,2,2,2,2,2,2,3,2,5,2,2,1,1.79769313486232e+308,3,-1.32226883650802,1,632.842526
157,1,29,1300,1445,1,1,1,2,2,0,0,1,1,1,52,0,2,2,1,1,1,1,2,2,1,2,1,2,2,2,1,2,2,2,2,7,1,1,2,1,1.79769313486232e+308,6,0.855414365236549,5,1095.775194
158,2,30,1450,1600,1,2,1,1,1,2,2,1,1,1,27,0,2,2,1,1,2,2,2,2,2,2,2,2,2,2,2,2,2,2,2,7,1,1,2,1,1.79769313486232e+308,8,-0.144288591326202,3,3520.166667
159,2,1,855,925,1,2,1,1,1,0,0,1,1,1,50,0,2,2,1,1,1,1,2,2,2,2,2,2,2,2,1,2,2,2,3,7,1,1,2,1,1.79769313486232e+308,6,0.366587491552156,4,3520.166667
160,2,2,1340,1440,1,2,1,1,1,2,2,1,1,1,53,0,2,2,1,1,1,1,2,2,2,2,2,2,2,2,1,2,2,2,2,7,1,2,2,1,1.79769313486232e+308,7,0.0481078788112951,3,3520.166667
161,2,3,1330,1420,1,2,1,1,1,0,0,1,1,1,34,0,2,2,1,1,2,2,2,2,2,2,2,2,2,1,1,2,2,2,1,7,1,1,2,1,1.79769313486232e+308,5,0.0782566176872102,3,3520.166667
162,2,30,1420,1425,1,5,1,1,1,0,0,1,1,1,28,0,2,2,1,1,1,1,2,2,2,2,2,2,2,1,2,2,2,2,1,1,1,2,2,1,1.79769313486232e+308,2,-0.255217729862672,3,2625.307706
163,1,27,1335,1410,1,7,1,1,1,1,1,1,1,1,30,0,2,2,1,2,1,2,2,2,2,2,2,2,2,9,9,9,9,9,1,3,5,8,2,1,1.79769313486232e+308,6,-1.23828936027486,1,3220.167972
164,1,22,1330,1435,1,7,2,4,4,0,0,1,1,1,39,0,2,2,1,1,1,1,2,2,2,2,2,2,2,1,2,2,2,2,2,7,1,1,2,1,1.79769313486232e+308,6,0.303130319778148,4,1652.651042
165,1,23,1805,1940,1,7,2,3,3,1,1,1,1,1,60,0,2,2,1,1,1,1,1,1,1,2,1,1,2,2,2,2,2,2,6,7,1,3,2,1,1.79769313486232e+308,10,1.45873557961446,5,1652.651042
166,2,30,730,815,1,6,1,0,0,0,0,1,1,1,87,0,2,2,1,2,1,2,2,2,2,2,2,2,2,2,2,2,2,2,2,1,5,5,2,1,1.79769313486232e+308,3,-1.30629072799773,1,2754.627487
167,2,2,1000,1040,1,3,1,1,1,0,0,1,1,1,23,0,2,2,1,2,2,2,2,2,2,2,2,2,2,2,2,2,2,2,1,3,5,5,1,1,1.79769313486232e+308,2,-1.41027778496655,1,4804.449295
168,1,23,1010,1040,1,4,1,2,2,0,0,1,1,1,39,0,2,2,1,1,1,1,2,1,1,2,2,2,2,2,2,2,2,2,2,7,1,1,2,1,1.79769313486232e+308,3,0.749101381998972,4,3389.818755
169,2,22,1315,1400,1,3,1,1,0,0,0,1,1,2,59,0,2,5,1,2,1,2,2,2,2,2,2,2,2,1,2,2,2,2,2,7,1,5,2,1,1.79769313486232e+308,5,-0.559348378956878,2,4234.057767
170,2,27,703,800,1,4,1,1,1,0,0,1,1,1,39,0,2,2,1,1,1,1,2,2,2,2,2,2,2,1,1,2,2,2,2,7,1,1,2,1,1.79769313486232e+308,5,0.446131510171858,4,4334.413034
171,2,29,800,900,1,4,1,2,2,0,0,1,1,1,46,0,2,2,1,1,1,2,2,2,2,2,2,2,2,1,2,2,2,2,3,7,1,1,2,1,1.79769313486232e+308,4,0.0849450495606392,3,4334.413034
172,2,1,900,1000,1,4,1,2,2,0,0,1,1,1,53,0,2,2,1,1,1,1,2,2,2,2,2,2,2,2,1,2,2,2,2,1,5,5,2,1,1.79769313486232e+308,3,-0.723853925822719,2,4334.413034
173,1,30,940,1003,1,4,2,1,1,0,0,1,1,2,68,0,2,3,1,1,2,2,2,2,2,2,2,2,2,2,2,2,2,2,3,7,1,1,2,1,1.79769313486232e+308,6,0.0054010309409368,3,1148.812702
174,1,23,1030,1100,1,3,1,1,1,1,1,1,1,1,24,0,2,2,1,1,2,2,2,2,2,2,2,2,2,1,2,2,2,2,1,7,1,1,2,1,1.79769313486232e+308,4,-0.0647445727064996,3,1148.812702
175,1,3,1322,1328,1,9,1,1,1,1,1,1,1,1,27,0,2,2,1,1,1,1,2,2,1,2,2,2,2,2,2,2,2,2,1,7,1,1,1,1,1.79769313486232e+308,3,0.582999195821845,4,1587.060648
176,1,25,1316,1332,1,9,1,2,2,0,0,1,1,1,46,0,2,2,1,1,1,1,2,2,1,2,2,2,2,2,1,2,2,2,3,2,1,2,2,1,1.79769313486232e+308,7,0.0524506115331753,3,2145.779371
177,1,30,940,1000,2,9,2,4,3,0,0,1,1,2,45,0,2,3,1,1,2,1,2,2,2,2,2,2,2,2,2,2,2,2,2,1,1,1,2,1,1.79769313486232e+308,4,1.79769313486232e+308,1.79769313486232e+308,2145.779371
178,1,30,1003,1010,1,9,2,1,1,0,0,1,1,2,45,0,2,3,1,1,1,2,2,2,1,2,1,2,2,2,2,2,2,2,2,7,1,1,2,1,1.79769313486232e+308,3,0.49422790462533,4,2145.779371
179,1,28,1412,1421,1,9,2,2,2,0,0,1,1,2,60,0,2,3,1,1,1,1,2,2,1,2,2,2,2,2,2,2,2,2,2,2,1,1,2,1,1.79769313486232e+308,3,0.227929033880326,4,2145.779371
180,1,26,920,950,1,9,1,1,1,0,0,1,1,2,82,0,2,3,2,1,1,1,2,2,2,2,2,2,2,1,2,2,2,2,3,7,1,1,2,1,1.79769313486232e+308,6,0.303130319778148,4,2145.779371
181,1,2,850,940,1,7,1,1,1,1,1,1,1,1,28,0,2,2,1,1,1,1,2,1,1,2,2,2,2,2,1,1,2,2,3,7,1,1,2,1,1.79769313486232e+308,5,1.21358284485461,5,2418.923342
182,2,26,935,1000,1,8,1,2,2,0,0,1,1,1,60,0,2,2,2,1,2,1,2,2,2,2,2,2,2,2,2,2,2,2,1,7,1,1,1,1,1.79769313486232e+308,4,0.199082400831243,3,1342.813043
183,2,26,1010,1020,1,8,1,0,0,0,0,1,1,1,54,0,2,3,2,1,2,2,2,2,2,2,2,2,2,2,2,2,1,2,2,7,1,1,2,1,1.79769313486232e+308,2,-0.231483220917357,3,1342.813043
184,2,26,1300,1320,1,8,1,1,1,0,0,1,1,1,41,0,2,2,1,1,2,1,2,2,2,2,2,2,2,2,2,2,2,2,1,7,1,1,1,1,1.79769313486232e+308,3,0.199082400831243,3,1342.813043
185,1,25,1030,1110,1,7,1,1,1,0,0,1,1,1,33,0,2,2,1,1,1,1,2,2,1,2,1,1,2,2,2,2,2,2,2,7,1,1,1,1,1.79769313486232e+308,3,1.2040989637543,5,736.218713
186,1,23,1200,1208,1,9,1,2,2,0,0,1,1,2,25,0,2,1,1,1,1,1,1,2,1,2,1,2,2,2,2,2,2,2,4,6,1,1,2,1,1.79769313486232e+308,2,1.16091244553276,5,2319.487662
187,1,1,800,840,1,8,1,1,1,0,0,1,1,1,32,0,2,2,1,1,1,1,1,1,1,1,1,1,2,2,1,1,2,2,2,6,1,1,1,1,1.79769313486232e+308,3,2.75856928723173,5,1363.874591
188,1,2,800,905,1,8,1,2,2,1,1,1,1,1,38,0,2,2,1,1,1,1,1,1,1,1,1,2,1,1,2,1,2,2,3,6,1,1,2,1,1.79769313486232e+308,6,2.54933786759034,5,1363.874591
189,1,2,1035,1120,1,8,1,2,2,0,0,1,1,1,37,0,2,2,1,1,1,1,1,2,1,2,1,1,2,1,2,1,2,2,3,6,1,1,1,1,1.79769313486232e+308,5,2.03445848288024,5,1363.874591
190,1,3,1115,1205,1,8,1,2,2,0,0,1,1,1,47,0,2,2,1,1,1,1,1,1,1,1,1,1,2,2,2,2,2,2,3,6,1,1,1,1,1.79769313486232e+308,4,2.29408782437609,5,1363.874591
191,1,23,800,840,1,8,1,1,1,0,0,1,1,1,51,0,2,2,1,1,1,1,2,2,2,2,1,2,2,2,2,2,2,2,2,7,1,8,2,1,1.79769313486232e+308,4,0.142542769480018,3,1465.536722
192,1,25,1005,1100,1,8,2,1,1,0,0,1,1,1,45,0,2,2,1,1,1,1,2,1,1,1,1,2,2,1,1,2,2,1,3,7,1,1,1,1,1.79769313486232e+308,7,1.78088240842378,5,1465.536722
193,1,27,1145,1215,1,7,1,2,2,0,0,1,1,1,49,0,2,2,1,1,1,1,1,2,2,2,2,2,2,1,2,2,2,2,2,7,1,1,2,2,1,6,0.588897769947047,4,1486.952309
194,1,29,1550,1634,1,2,1,0,0,2,2,1,1,1,82,0,2,2,2,1,1,1,2,2,2,2,1,2,2,2,2,2,2,2,2,7,1,3,2,1,1.79769313486232e+308,7,0.280952981633506,4,791.501213
195,1,30,1325,1406,1,2,1,1,1,1,1,1,1,1,36,0,2,2,2,2,2,2,2,2,2,2,2,2,2,2,2,2,2,2,1,3,1,2,2,1,1.79769313486232e+308,8,-1.00337013917243,1,791.501213
196,1,26,1315,1345,1,1,1,2,1,0,0,1,1,1,40,0,2,2,1,1,1,1,2,2,1,2,2,2,2,2,2,2,2,2,2,7,1,2,2,1,1.79769313486232e+308,5,0.139333861141048,3,2861.256757
197,1,26,1550,1635,1,1,1,2,2,2,2,1,1,1,50,0,2,2,2,2,1,2,2,2,2,2,2,2,2,2,2,2,2,2,2,3,1,2,2,1,1.79769313486232e+308,9,-0.853680516905289,2,2861.256757
198,2,24,1602,1700,1,1,1,2,2,1,1,1,1,1,53,0,2,2,2,2,1,1,2,2,2,2,2,2,2,2,2,2,2,2,2,4,1,2,2,1,1.79769313486232e+308,9,-0.365333222046894,2,4181.8
199,1,24,1030,1120,1,2,1,1,1,0,0,1,1,1,51,0,2,2,1,1,2,2,2,2,2,2,2,2,2,2,2,2,2,2,2,7,1,1,2,1,1.79769313486232e+308,4,-0.144288591326202,3,1600.800144
200,1,24,1545,1630,1,2,1,1,1,1,1,1,1,2,77,0,2,1,1,1,1,1,2,2,2,2,2,2,2,2,2,2,2,2,2,7,5,1,2,1,1.79769313486232e+308,4,-0.203943592362748,3,1600.800144
201,2,27,800,945,1,2,1,1,1,2,2,1,1,1,48,0,2,2,1,1,1,1,2,2,2,2,2,2,2,1,2,2,2,2,1,7,5,1,2,1,1.79769313486232e+308,11,-0.124399573743046,3,2353.37002
202,2,24,800,1000,1,4,1,2,2,2,2,1,1,1,41,0,2,2,1,2,1,2,2,2,2,2,2,2,2,2,2,2,2,2,2,2,5,2,2,1,1.79769313486232e+308,11,-1.1917432568865,1,2771.797222
203,2,26,1015,1045,1,4,1,0,0,0,0,1,1,1,62,0,2,5,2,2,1,2,2,2,2,2,2,2,2,2,2,2,2,2,1,3,8,5,2,1,1.79769313486232e+308,1,-1.19120908621597,1,2541.242236
204,2,27,947,1100,1,4,1,1,1,0,0,1,1,1,41,0,2,2,1,2,1,2,2,2,2,2,2,2,2,2,2,2,2,2,1,2,1,2,2,1,1.79769313486232e+308,8,-0.764213363365303,2,2541.242236
205,2,28,1158,1230,1,4,1,1,1,2,2,1,1,1,59,0,2,2,2,2,1,2,2,2,2,2,2,2,2,2,2,2,2,2,1,3,1,2,2,1,1.79769313486232e+308,6,-0.853680516905289,2,2541.242236
206,2,30,1300,1325,1,4,1,0,0,0,0,1,1,1,52,0,2,2,1,2,1,2,2,2,2,2,2,2,2,2,2,2,2,2,1,2,5,2,2,1,1.79769313486232e+308,2,-1.1917432568865,1,2541.242236
207,1,29,1520,1645,1,3,1,2,2,1,1,1,1,1,35,0,1,0,0,1,1,1,1,2,1,2,1,2,2,2,1,2,2,2,2,7,1,3,1,1,1.79769313486232e+308,7,1.06913451685951,5,1653.149408
208,1,29,1705,1810,1,3,1,2,2,0,0,1,1,2,41,0,2,3,1,1,2,1,2,2,1,1,1,2,2,2,2,2,2,2,3,7,1,3,2,1,1.79769313486232e+308,5,0.734856256550246,4,1653.149408
209,1,30,1425,1530,1,3,1,2,2,1,1,1,1,1,25,0,1,0,0,1,1,1,2,2,1,2,2,2,2,2,2,2,2,2,2,3,5,5,1,1,1.79769313486232e+308,4,-0.586925378194638,2,1653.149408
210,1,3,800,830,1,2,2,2,2,1,1,1,1,2,69,0,1,0,0,1,1,1,1,2,1,2,1,2,1,1,2,2,2,2,3,7,1,1,1,1,1.79769313486232e+308,6,1.54882190661546,5,3079.026969
211,2,23,830,941,1,2,1,1,1,1,1,1,1,1,43,0,2,2,1,1,2,2,2,2,2,2,2,2,2,2,2,2,2,2,2,2,1,5,1,1,1.79769313486232e+308,7,-0.672030396341569,2,3452.914225
212,1,27,1030,1125,1,2,1,1,1,1,1,1,1,1,35,0,2,2,1,1,1,1,2,2,2,2,2,2,2,1,2,2,2,2,1,2,5,2,1,1,1.79769313486232e+308,5,-0.547577904545553,2,743.698238
213,1,27,1300,1400,1,2,1,1,1,0,0,1,1,1,31,0,2,2,1,1,1,1,2,2,1,2,2,2,2,1,2,2,2,2,2,2,1,2,2,1,1.79769313486232e+308,4,-0.0110065602408321,3,743.698238
214,1,29,1630,1700,1,2,1,1,0,0,0,1,1,1,38,0,2,2,1,2,2,2,2,2,2,2,2,2,2,2,2,2,2,2,2,7,1,2,2,1,1.79769313486232e+308,4,-0.684018545630859,2,743.698238
215,2,29,935,1045,1,3,1,1,1,1,1,1,1,1,39,0,2,2,2,2,1,2,2,2,2,2,2,2,2,2,2,2,2,2,2,3,5,2,2,1,1.79769313486232e+308,7,-1.28121041042648,1,1349.524377
216,2,29,1530,1630,1,3,1,1,1,1,1,1,1,1,33,0,2,2,1,1,1,2,2,2,2,2,2,2,2,2,2,2,2,2,2,2,1,2,2,1,1.79769313486232e+308,5,-0.542963021801507,2,1349.524377
217,1,24,1440,1515,1,1.79769313486232e+308,2,1,1,0,0,1,1,1,39,0,2,2,1,1,1,1,2,2,1,2,1,2,2,2,2,2,2,2,1,7,1,3,4,1,1.79769313486232e+308,4,0.51518015435697,4,313.172176
218,1,23,1520,1550,1,1.79769313486232e+308,2,2,2,1,1,1,1,1,38,0,2,2,1,1,1,1,2,2,2,2,2,2,2,2,2,2,2,2,1,7,1,2,2,1,1.79769313486232e+308,5,-0.0948933115824146,3,313.172176
219,1,3,1415,1450,1,1.79769313486232e+308,3,1,1,0,0,1,1,2,65,0,2,3,1,1,1,1,1,2,1,2,2,2,2,2,2,2,2,2,2,7,1,1,2,1,1.79769313486232e+308,5,0.743580924050808,4,2162.032547
220,1,1,1430,1505,1,1.79769313486232e+308,2,3,3,1,1,1,1,1,47,0,2,2,1,1,1,1,2,1,1,2,1,2,2,2,2,2,2,2,4,5,1,1,1,1,1.79769313486232e+308,10,1.20891851635244,5,2162.032547
221,1,3,1540,1630,1,1.79769313486232e+308,3,2,2,1,1,1,1,1,59,0,2,2,1,1,1,1,1,1,1,1,1,2,1,2,2,2,2,2,4,5,1,1,1,1,1.79769313486232e+308,8,2.20996323202583,5,2162.032547
222,1,3,1100,1130,1,1.79769313486232e+308,3,1,1,0,0,1,1,1,55,0,2,2,1,1,1,1,1,2,1,2,1,2,2,2,2,2,2,2,4,5,1,1,1,1,1.79769313486232e+308,6,1.20339805840427,5,2162.032547
223,1,4,1310,1335,1,1.79769313486232e+308,2,2,2,1,1,1,1,1,57,0,2,2,1,1,1,1,1,2,1,2,1,2,2,2,2,2,2,2,2,7,1,1,2,1,1.79769313486232e+308,8,0.998180625011738,5,2162.032547
224,1,26,940,1005,1,1.79769313486232e+308,2,1,1,0,0,1,1,1,50,0,2,2,1,1,1,1,2,2,2,2,2,2,2,2,2,2,2,2,1,2,1,2,2,1,1.79769313486232e+308,4,-0.324777751583997,2,1500.278035
225,1,1,1605,1705,1,1.79769313486232e+308,3,3,3,0,0,1,1,1,42,0,2,2,1,1,1,1,1,2,1,2,1,2,2,2,2,2,2,2,4,7,1,1,1,1,1.79769313486232e+308,8,1.12336634695167,5,1500.278035
226,1,29,810,855,1,1.79769313486232e+308,3,1,1,1,1,1,1,1,50,0,2,2,1,1,2,1,2,2,1,2,2,2,2,2,2,2,2,2,1,7,1,3,4,1,1.79769313486232e+308,3,0.1108908311289,3,1500.278035
227,1,23,1510,1530,1,1.79769313486232e+308,1,1,1,1,1,1,1,1,34,0,2,2,1,1,1,1,2,2,2,2,2,2,2,2,2,2,2,2,1,2,1,2,1,1,1.79769313486232e+308,4,-0.199592029644061,3,1993.283019
228,1,23,1300,1320,1,1.79769313486232e+308,1,1,1,0,0,1,1,1,23,0,2,2,1,1,2,2,2,2,2,2,2,2,2,2,2,2,2,2,1,1,1,2,1,1,1.79769313486232e+308,2,-0.577450919027086,2,1993.283019
229,1,24,830,845,1,1.79769313486232e+308,1,1,1,0,0,1,1,1,26,0,2,2,1,1,1,1,2,2,2,2,2,2,2,2,2,2,2,2,1,2,1,2,3,1,1.79769313486232e+308,2,-0.324777751583997,2,1993.283019
230,1,30,1300,1320,1,1.79769313486232e+308,1,1,1,0,0,1,1,1,53,0,2,2,1,1,2,2,2,2,2,2,2,2,2,2,2,2,2,2,2,7,1,3,2,1,1.79769313486232e+308,3,-0.341521611812072,2,1494.91735
231,1,9,1105,1140,1,1.79769313486232e+308,3,3,3,1,1,1,1,1,29,0,2,2,1,1,1,1,1,1,1,1,1,2,1,2,2,1,2,2,2,8,1,1,2,1,1.79769313486232e+308,6,2.54263898892346,5,264.617578
232,1,2,1615,1627,1,1.79769313486232e+308,1,4,4,0,0,1,1,2,25,0,2,1,1,1,1,1,1,1,1,2,2,2,2,2,2,2,2,2,1,4,8,1,1,1,1.79769313486232e+308,4,0.858735847463685,5,264.617578
233,1,23,1301,1322,1,1.79769313486232e+308,1,2,2,0,0,1,1,1,45,0,2,2,1,1,1,1,2,2,2,2,2,2,2,2,2,2,2,2,2,7,1,1,2,1,1.79769313486232e+308,5,0.223586301158446,3,1413.068008
234,1,25,1225,1237,1,1.79769313486232e+308,1,1,1,3,3,1,1,1,26,0,2,2,1,1,1,1,2,2,1,2,2,2,2,2,2,2,2,2,1,6,1,1,2,1,1.79769313486232e+308,5,0.601381251757312,4,1509.2
235,1,5,1121,1135,1,1.79769313486232e+308,3,0,0,0,0,1,1,1,59,0,2,2,1,1,1,1,1,2,1,1,2,2,2,2,2,1,2,2,2,6,1,1,2,1,1.79769313486232e+308,3,1.57799469884856,5,1509.2
236,1,24,1042,1047,1,1.79769313486232e+308,1,0,0,0,0,1,1,1,38,0,2,2,1,1,1,1,2,2,2,2,2,2,2,2,2,2,2,2,1,7,1,3,4,1,1.79769313486232e+308,1,0.0455173233181952,3,1410.793099
237,1,24,1135,1152,1,1.79769313486232e+308,1,1,1,0,0,1,1,1,61,0,2,2,1,1,1,1,1,1,1,2,2,2,2,2,2,2,2,2,2,7,1,3,2,1,1.79769313486232e+308,7,0.837635811682,5,1410.793099
238,1,28,1444,1447,1,1.79769313486232e+308,2,1,1,0,0,1,1,2,42,0,2,5,1,1,1,1,2,2,2,2,2,2,2,2,2,2,2,2,1,7,1,3,2,1,1.79769313486232e+308,4,0.026353280672576,3,1410.793099
239,1,24,1809,1832,1,1.79769313486232e+308,1,3,3,0,0,1,1,2,48,0,2,3,1,1,1,2,2,2,2,2,2,2,2,2,2,2,2,2,1,7,1,3,2,1,1.79769313486232e+308,4,-0.191831989544933,3,1410.793099
240,2,23,130,200,1,10,1,2,2,0,0,1,1,1,52,0,2,2,1,1,1,1,2,2,1,2,1,2,2,2,2,2,2,2,4,5,1,1,2,1,1.79769313486232e+308,5,0.792444886295437,5,759.087847
241,2,23,830,945,1,8,1,1,1,2,2,1,1,1,27,0,2,2,1,2,2,2,2,2,2,2,2,2,2,2,2,2,2,2,1,2,5,8,2,1,1.79769313486232e+308,4,-1.35859649905213,1,2684.513816
242,2,1,1055,1158,1,8,1,2,2,0,0,1,1,1,56,0,2,2,3,1,2,2,2,2,2,2,2,2,2,2,2,2,2,2,2,7,5,5,2,1,1.79769313486232e+308,6,-0.994861571801116,1,2499.281546
243,1,22,1430,1510,1,5,1,0,0,0,0,1,1,1,68,0,2,2,1,9,9,9,9,9,9,9,9,9,9,9,9,9,9,9,9,9,9,9,9,0,1.79769313486232e+308,3,-1.25626729328937,1,1288.111803
244,1,23,940,1030,1,5,1,1,1,1,1,1,1,1,42,0,2,2,8,1,2,2,2,2,2,2,2,2,2,2,2,2,2,2,2,2,5,2,4,1,1.79769313486232e+308,7,-1.12018253758984,1,1288.111803
245,1,23,1500,1515,1,7,1,1,1,0,0,1,1,1,23,0,2,2,1,2,2,2,2,2,2,2,2,2,2,2,2,2,2,2,2,2,1,3,1,1,1.79769313486232e+308,2,-0.648306628791896,2,1953.489899
246,1,22,1130,1345,1,8,1,3,3,1,1,1,1,1,67,0,2,2,1,1,1,1,2,2,2,2,2,2,2,1,2,2,2,2,3,3,1,2,2,1,1.79769313486232e+308,12,-0.334700886504281,2,2214.487299
247,1,22,1240,1340,1,6,1,1,1,1,1,1,1,1,38,0,2,2,2,2,2,2,2,2,2,2,2,2,2,2,2,2,2,2,1,2,7,8,2,1,1.79769313486232e+308,6,-1.28302943629241,1,2214.487299
248,1,26,840,900,1.79769313486232e+308,6,1,0,0,0,0,1,1,1,76,0,2,2,1,1,1,1,2,2,1,2,2,2,2,2,2,2,2,2,1,7,1,2,2,1,1.79769313486232e+308,2,1.79769313486232e+308,1.79769313486232e+308,1538.810458
249,1,25,1205,1230,1.79769313486232e+308,7,1,1,1,0,0,1,1,1,76,0,2,2,1,1,1,1,2,2,1,2,1,2,2,2,2,2,2,2,3,2,1,1,1,1,1.79769313486232e+308,4,1.79769313486232e+308,1.79769313486232e+308,1538.810458
250,1,25,1136,1204,1,7,1,1,1,0,0,1,1,1,31,0,2,2,1,1,1,1,2,2,1,2,2,2,2,1,2,2,2,2,1,7,1,1,2,1,1.79769313486232e+308,5,0.537357492501611,4,1538.810458
251,2,2,930,945,1,8,1,2,2,0,0,1,1,1,59,0,2,2,1,2,2,2,2,2,2,2,2,2,2,2,2,2,2,2,1,3,1,2,2,1,1.79769313486232e+308,3,-1.00337013917243,1,2158.051389
252,2,2,920,958,1,8,1,1,1,2,2,1,1,1,44,0,2,2,1,2,2,2,2,2,2,2,2,2,2,2,2,2,2,2,1,3,1,5,2,1,1.79769313486232e+308,6,-1.10793361338529,1,2158.051389
253,1,1,1047,1050,1,11,1,0,0,0,0,1,1,1,43,0,2,1,1,1,1,1,2,2,2,2,2,2,2,2,2,2,2,2,1,7,1,3,4,3,1.79769313486232e+308,1,0.0455173233181952,3,1899.115143
254,1,2,1132,1235,1,11,3,5,5,0,0,1,1,1,46,0,2,2,1,1,1,1,2,1,2,2,2,2,2,2,2,2,2,2,2,7,1,3,2,3,1.79769313486232e+308,11,0.317641188789639,4,1899.115143
255,1,3,1115,1251,1,11,1,1,1,1,1,1,1,1,26,0,2,2,1,1,1,1,2,2,2,2,2,2,2,2,2,2,2,2,2,7,1,2,2,3,1.79769313486232e+308,3,-0.0948933115824146,3,1872.995419
256,1,23,1710,1753,1,11,1,1,1,1,1,1,1,1,37,0,1,0,0,1,1,1,1,2,1,2,1,2,2,2,2,2,2,2,4,7,1,2,2,3,1.79769313486232e+308,6,0.679701012270877,4,1872.995419
257,1,25,1145,1235,1,11,2,1,0,0,0,1,1,2,53,0,2,2,1,1,1,1,2,2,2,2,2,2,2,2,2,2,2,2,3,3,1,2,2,2,1,8,-0.414244905123984,2,1872.995419
258,1,26,1628,1655,1,11,1,1,1,0,0,1,1,2,48,0,2,1,1,1,1,1,2,2,1,2,2,2,2,2,2,2,2,2,2,7,1,3,1,1,1.79769313486232e+308,3,0.385766175335975,4,1872.995419
259,1,22,1050,1155,1,8,1,1,1,0,0,1,1,1,43,0,2,2,1,2,1,2,2,2,2,2,2,2,2,2,2,2,2,2,1,3,1,5,4,1,1.79769313486232e+308,7,-0.958243991118149,1,1859.644964
260,2,1,1050,1130,1,10,1,3,3,1,1,1,1,1,44,0,2,2,1,1,1,1,2,2,1,2,1,2,2,2,2,2,2,2,3,7,1,3,2,1,1.79769313486232e+308,7,0.51518015435697,4,2631.135874
261,2,4,1305,1355,1,9,1,1,1,1,1,1,1,1,31,0,2,2,1,1,1,1,2,2,1,2,1,2,2,2,1,2,2,2,2,7,1,3,2,1,1.79769313486232e+308,5,0.658181344750679,4,2340.73125
262,1,28,1115,1220,1,9,1,1,1,1,1,1,1,2,54,0,1,0,0,1,1,1,1,2,1,2,1,2,1,2,2,2,2,2,3,7,1,1,2,1,1.79769313486232e+308,7,1.34409216605582,5,1856.246022
263,1,27,1535,1545,1,10,1,0,0,0,0,1,1,2,59,0,2,3,1,2,2,2,2,2,2,2,2,2,2,2,2,2,2,2,1,2,8,2,2,1,1.79769313486232e+308,2,-1.16603212337588,1,1902.370213
264,1,29,950,1000,1,10,1,0,0,0,0,1,1,2,69,0,2,3,1,1,1,2,2,2,2,2,2,2,2,2,2,2,2,2,1,3,1,2,2,1,1.79769313486232e+308,3,-0.632430175341493,2,1902.370213
265,2,23,1335,1410,1,10,1,0,0,0,0,1,1,1,67,0,2,2,1,1,1,2,2,2,2,2,2,2,2,1,2,2,1,2,2,7,1,1,2,1,1.79769313486232e+308,3,-0.0214136226761351,3,2525.620693
266,2,29,1335,1405,1,10,2,3,3,0,0,1,1,1,48,0,2,2,1,1,1,2,2,2,2,2,2,2,2,2,1,2,1,2,1,1,1,1,4,1,1.79769313486232e+308,5,-0.197824887802088,3,2525.620693
267,2,24,1030,1040,2,10,1,1,1,0,0,1,1,1,37,0,2,2,1,2,1,2,2,2,2,2,2,2,2,2,2,2,2,2,2,7,1,1,2,1,1.79769313486232e+308,4,1.79769313486232e+308,1.79769313486232e+308,2525.620693
268,2,26,1030,1150,1,9,1,2,2,4,4,1,1,1,58,0,2,3,2,1,1,1,2,2,1,2,2,2,2,2,2,2,2,2,3,7,1,1,2,1,1.79769313486232e+308,12,0.457813473881909,4,2598.689388
269,2,22,945,1015,1,9,1,1,1,1,1,1,1,1,48,0,2,2,9,2,1,2,2,2,2,2,2,2,2,2,2,2,2,2,1,3,5,5,2,1,1.79769313486232e+308,6,-1.38577388463934,1,2778.210093
270,2,24,1430,1530,1,9,1,1,1,3,3,1,1,1,39,0,2,2,1,2,2,2,2,2,2,2,2,2,2,2,2,2,2,2,1,3,5,5,2,1,1.79769313486232e+308,7,-1.53546350690648,1,2778.210093
271,2,23,1330,1400,1,8,1,1,1,0,0,1,1,1,37,0,2,2,1,2,1,2,2,2,2,2,2,2,2,1,2,2,2,2,2,1,5,5,2,1,1.79769313486232e+308,4,-1.22674670937803,1,2915.240025
272,2,23,1500,1600,1,8,1,2,2,0,0,1,1,1,41,0,2,2,1,2,2,2,2,2,2,2,2,2,2,2,2,2,2,2,1,1,5,5,2,1,1.79769313486232e+308,4,-1.45598035026487,1,2915.240025
273,2,2,1310,1355,1,9,1,1,1,0,0,1,1,1,38,0,2,2,1,2,1,2,2,2,2,2,2,2,2,2,2,2,2,2,2,2,1,3,2,1,1.79769313486232e+308,7,-0.642966771110312,2,2865.125674
274,2,3,1310,1338,1,9,1.79769313486232e+308,0,0,0,0,1,1,1,52,0,2,2,1,2,1,2,2,2,2,2,2,2,2,2,2,2,2,2,1,3,5,2,2,1,1.79769313486232e+308,6,-1.28121041042648,1,2865.125674
275,1,29,730,845,1,8,1,2,2,0,0,1,1,1,56,0,2,2,1,1,1,1,1,2,1,2,1,1,2,2,1,2,2,2,4,7,1,2,2,1,1.79769313486232e+308,4,1.20836631228174,5,1905.277778
276,1,1,1030,1100,2,8,1,1,1,0,0,1,1,1,51,0,2,2,1,1,1,1,2,2,1,2,1,2,2,1,1,2,2,2,3,7,1,3,2,1,1.79769313486232e+308,4,1.79769313486232e+308,1.79769313486232e+308,1905.277778
277,1,26,910,945,1,9,1,1,1,1,1,1,1,2,54,0,2,3,1,1,1,2,2,2,2,2,2,2,2,2,2,2,2,2,2,3,5,5,1,1,1.79769313486232e+308,4,-1.03933782113561,1,1738.988571
278,1,26,1255,1340,1,9,1,1,1,0,0,1,1,1,40,0,2,2,1,1,1,1,2,2,1,2,2,2,2,1,2,2,2,2,3,7,1,3,2,1,1.79769313486232e+308,6,0.340124472015741,4,1738.988571
279,1,27,1530,1600,1,9,1,1,1,2,2,1,1,1,76,0,2,2,1,1,1,1,2,2,1,2,2,2,2,2,2,2,2,2,3,7,1,3,2,1,1.79769313486232e+308,7,0.260580453396039,4,1738.988571
280,1,29,810,855,1,9,1,1,1,1,1,1,1,1,52,0,2,2,1,1,1,2,2,2,2,2,2,2,2,2,2,2,2,2,2,7,5,3,2,1,1.79769313486232e+308,5,-0.619361883066127,2,1738.988571
281,1,30,1030,1120,1,9,1,3,3,0,0,1,1,1,38,0,2,2,1,2,1,2,2,2,2,2,2,2,2,1,2,2,2,2,2,1,5,5,2,1,1.79769313486232e+308,7,-1.22674670937803,1,1738.988571
282,2,24,1340,1420,1,3,1,2,2,0,0,1,1,1,48,0,2,2,2,2,1,2,2,2,2,2,2,2,2,2,2,2,2,2,2,7,1,2,2,1,1.79769313486232e+308,6,-0.53432892336372,2,2600.963458
283,2,23,1305,1340,1,3,1,1,1,1,1,1,1,1,21,0,2,2,2,2,1,2,2,2,2,2,2,2,2,2,2,2,2,2,1,1,5,5,2,1,1.79769313486232e+308,3,-1.30629072799773,1,2600.963458
284,2,26,934,948,1,4,1,0,0,0,0,1,1,2,70,0,2,2,2,2,2,2,2,2,2,2,2,2,2,2,2,2,2,2,4,3,5,5,2,1,1.79769313486232e+308,7,-1.53546350690648,1,1879.714228
285,2,27,1015,1041,1,4,2,2,2,0,0,1,1,1,51,0,2,2,3,1,2,2,2,2,2,2,2,2,2,2,2,2,2,2,2,3,1,5,2,1,1.79769313486232e+308,6,-0.886683271821491,2,1879.714228
286,2,26,1028,1042,1,4,1,4,4,1,1,1,1,1,48,0,2,2,3,1,1,2,2,2,2,2,2,2,2,2,2,2,2,2,3,2,1,5,2,1,1.79769313486232e+308,12,-0.647526496014366,2,1879.714228
287,1,24,1028,1046,1,4,1,3,3,0,0,1,1,1,48,0,2,2,1,1,1,1,1,2,1,2,2,2,2,2,2,2,2,2,4,7,1,2,2,1,1.79769313486232e+308,5,0.425101311309947,4,1606.181818
288,1,24,1440,1455,1,4,1,1,1,1,1,1,1,1,31,0,2,2,2,1,2,2,2,2,2,2,2,2,2,2,2,2,2,2,1,7,5,5,2,1,1.79769313486232e+308,3,-0.994861571801116,1,1606.181818
289,2,26,930,1005,1,5,1,1,1,0,0,1,1,1,40,0,2,2,2,2,2,2,2,2,2,2,2,2,2,2,2,2,2,2,2,2,5,2,1,1,1.79769313486232e+308,3,-1.2162471572137,1,2976.0175
290,2,7,1700,1725,1,5,2,0,0,0,0,1,1,1,56,0,2,5,2,2,2,2,2,2,2,2,2,2,2,2,2,2,2,2,2,2,5,2,2,1,1.79769313486232e+308,1,-1.32226883650802,1,2976.0175
291,1,1,1435,1500,1,5,1,0,0,0,0,1,1,1,60,0,2,2,1,1,1,1,2,2,2,2,2,2,2,2,2,2,1,2,4,2,1,3,2,1,1.79769313486232e+308,2,-0.290725788920162,3,1114.390784
292,1,4,905,945,1,5,1,1,1,0,0,1,1,1,53,0,2,2,1,1,2,1,2,2,1,2,1,2,2,2,2,2,2,2,4,2,1,1,2,1,1.79769313486232e+308,3,0.352003155219737,4,1114.390784
293,1,29,850,1020,1,8,1,1,1,2,2,1,1,1,29,0,2,2,2,1,2,1,2,2,2,2,2,2,2,2,2,2,2,2,1,7,1,1,2,1,1.79769313486232e+308,5,0.0738966788913073,3,1077.034091
294,1,29,1515,1545,1,8,1,0,0,0,0,1,1,1,50,0,2,2,1,1,1,1,2,2,1,1,1,2,2,2,2,1,2,2,3,7,1,1,1,1,1.79769313486232e+308,3,1.54760893635074,5,1077.034091
295,2,30,1610,1705,1,10,1,1,1,0,0,1,1,2,65,0,2,3,1,1,1,1,2,2,2,2,2,2,2,2,2,2,2,2,2,7,1,3,2,1,1.79769313486232e+308,3,0.026353280672576,3,2103.592593
296,2,3,1315,1425,1,10,1,1,1,1,1,1,1,1,29,0,2,2,1,1,2,1,2,2,2,2,2,2,2,2,2,2,2,2,2,7,1,3,2,1,1.79769313486232e+308,5,-0.123336341594563,3,2103.592593
297,1,23,735,940,1,7,1,1,1,2,2,1,1,1,32,0,2,2,1,2,1,2,2,2,2,2,2,2,2,2,2,2,2,2,1,1,1,5,2,1,1.79769313486232e+308,6,-0.87876083447654,2,2773.420483
298,1,23,1305,1430,1,7,1,1,1,2,2,1,1,1,30,0,2,2,1,1,2,2,2,2,2,2,2,2,2,2,2,2,2,2,1,1,5,5,2,1,1.79769313486232e+308,7,-1.23473000870108,1,2773.420483
299,2,24,1525,1625,1,10,2,1,1,0,0,1,1,1,27,0,2,2,1,1,2,1,2,2,2,2,2,2,2,2,2,2,2,2,2,7,1,3,2,1,1.79769313486232e+308,3,-0.123336341594563,3,2019.990805
300,2,24,1045,1205,1,8,1,1,1,2,2,1,1,1,30,0,2,2,1,1,1,2,2,2,2,2,2,2,2,1,2,2,2,2,2,1,1,1,2,1,1.79769313486232e+308,7,-0.154923387339321,3,2004.373913
301,2,25,940,1010,1,7,1,2,2,0,0,1,1,1,58,0,2,2,1,1,1,1,2,2,2,2,1,2,2,2,1,2,2,2,2,7,1,3,2,2,1,4,0.423954172027216,4,2171
302,2,25,1400,1440,1,7,1,1,1,2,2,1,1,1,25,0,2,2,1,1,2,1,2,2,2,2,2,2,2,2,2,2,2,2,2,7,1,1,1,2,2,4,0.199082400831243,3,2171
303,1,22,830,905,1,11,1,0,0,0,0,1,1,1,76,0,2,2,1,1,1,1,2,2,2,2,2,2,2,2,2,2,2,2,2,7,1,1,2,1,1.79769313486232e+308,6,0.223586301158446,4,1399.93809
304,1,24,1415,1535,1,11,2,2,2,0,0,1,1,1,40,0,2,2,1,1,1,2,2,2,2,2,2,2,2,1,2,2,2,2,2,2,1,3,2,1,1.79769313486232e+308,5,-0.342172410926814,2,1399.93809
305,1,25,750,845,1,11,1,1,1,2,2,1,1,1,33,0,2,2,1,1,1,2,2,2,2,2,2,2,2,2,2,2,2,2,1,2,5,5,2,1,1.79769313486232e+308,5,-1.07505638953556,1,1399.93809
306,2,25,1530,1610,1,13,1,1,1,0,0,1,1,1,20,0,2,2,1,2,2,2,2,2,2,2,2,2,2,2,2,2,2,2,2,3,5,3,1,1,1.79769313486232e+308,2,-1.16530367585308,1,2416.944851
307,1,27,930,1025,1,13,1,1,1,2,2,1,1,1,24,0,2,2,1,1,1,2,2,2,2,2,2,2,2,1,2,2,2,2,1,1,5,5,2,1,1.79769313486232e+308,4,-1.00549636781424,1,857.517905
308,2,22,835,928,1,12,1,2,2,1,1,1,1,1,48,0,2,2,1,2,1,2,2,2,2,2,2,2,2,2,2,2,2,2,2,7,5,2,2,1,1.79769313486232e+308,8,-0.961858816884914,1,2346.200671
309,2,24,818,916,1,12,1,1,1,0,0,1,1,1,36,0,2,2,1,2,1,1,2,2,2,2,2,2,2,2,2,2,2,2,2,7,1,1,2,1,1.79769313486232e+308,6,0.00233595959464945,3,2346.200671
310,2,1,1415,1442,1,14,1,1,1,1,1,1,1,1,31,0,2,2,1,2,1,2,2,2,2,2,2,2,2,1,2,2,2,2,2,3,5,5,2,1,1.79769313486232e+308,6,-1.30622986601964,1,1404.852986
311,2,1,1455,1505,1,14,1,1,1,0,0,1,1,1,30,0,2,2,1,2,1,2,2,2,2,2,2,2,2,2,2,2,1,2,1,3,5,5,2,1,1.79769313486232e+308,2,-1.49213255687612,1,1404.852986
312,1,1,1010,1030,1,15,1,2,2,0,0,1,1,1,57,0,2,2,1,1,2,1,2,2,1,2,2,2,2,2,2,2,2,2,2,7,4,3,2,1,1.79769313486232e+308,7,-0.18591368909115,3,1799.830102
313,2,1,1300,1325,1,14,1,0,0,0,0,1,1,2,64,0,2,2,1,1,1,2,2,2,2,2,2,2,2,2,2,2,2,2,2,3,1,2,2,1,1.79769313486232e+308,2,-0.613266132695874,2,1413.299736
314,1,22,1330,1530,1,11,1,2,2,0,0,1,1,2,20,0,2,1,1,1,1,1,1,1,1,1,1,2,1,2,2,2,2,2,2,7,1,3,1,1,1.79769313486232e+308,3,1.93269850008736,5,2720.881822
315,1,27,1600,1800,1,11,1,3,3,0,0,1,1,1,40,0,2,2,1,1,1,1,1,1,1,2,1,2,2,2,1,2,2,2,1,7,1,1,1,1,1.79769313486232e+308,8,1.55765544546245,5,2720.881822
316,1,26,830,915,1,13,1,0,0,0,0,1,1,1,71,0,2,3,1,1,2,2,2,2,2,2,2,2,2,2,2,2,2,2,2,7,1,1,2,1,1.79769313486232e+308,3,-0.144288591326202,3,984.968646
317,1,27,1010,1105,1.79769313486232e+308,13,1,1,1,0,0,1,1,1,35,0,2,2,1,1,1,1,2,2,2,2,2,2,2,1,2,2,2,2,2,7,1,1,2,1,1.79769313486232e+308,4,1.79769313486232e+308,1.79769313486232e+308,984.968646
318,1,2,1315,1430,1,13,1,1,1,0,0,1,1,1,43,0,2,2,1,1,2,1,2,2,2,2,2,2,2,2,2,2,2,2,1,3,1,5,1,1,1.79769313486232e+308,5,-0.543312279664046,2,1078.684709
319,1,30,1400,1600,1,11,1,1,1,1,1,1,1,1,27,0,2,2,1,1,1,1,2,1,1,1,1,2,2,2,2,1,2,2,2,7,1,1,1,1,1.79769313486232e+308,4,1.81973280182218,5,1198.736894
320,1,2,1530,1730,1,11,1,3,3,0,0,1,1,1,58,0,2,2,1,1,1,1,1,2,1,2,2,2,2,1,1,2,2,2,2,7,1,1,1,1,1.79769313486232e+308,7,1.09131185500416,5,1198.736894
321,1,3,830,1030,1,11,1,3,3,0,0,1,1,1,50,0,2,2,1,1,1,1,1,2,2,2,2,2,2,2,2,2,2,2,2,7,1,1,1,1,1.79769313486232e+308,6,0.634539473267281,4,1198.736894
322,2,23,845,920,1,12,1,2,2,0,0,1,1,1,53,0,2,2,1,1,1,1,2,2,2,2,2,2,2,1,2,2,2,2,1,7,3,3,1,1,1.79769313486232e+308,6,0.0373270797584716,3,1972.327416
323,2,25,940,1025,1,12,1,1,1,2,2,1,1,1,28,0,2,2,1,1,1,1,2,2,2,2,2,2,2,1,2,2,2,2,1,7,1,1,2,1,1.79769313486232e+308,4,0.303130319778148,4,1972.327416
324,1,7,940,1015,1,12,1,0,0,0,0,1,1,2,79,0,1,0,0,1,1,1,1,2,1,2,2,2,2,1,2,2,2,2,2,7,1,1,2,1,1.79769313486232e+308,3,0.82312494267051,5,1062.587034
325,1,10,1100,1140,1,12,1,1,1,0,0,1,1,1,33,0,2,2,1,1,1,1,2,2,2,2,2,2,2,2,2,2,2,2,1,7,1,1,2,1,1.79769313486232e+308,7,0.223586301158446,4,1062.587034
326,2,30,1115,1145,1,12,1,1,1,0,0,1,1,2,65,0,2,3,1,1,1,1,2,2,1,2,2,2,2,1,2,2,2,2,2,7,1,1,2,1,1.79769313486232e+308,2,0.55652153514723,4,2112.103772
327,1,3,1310,1355,1,12,2,1,1,0,0,1,1,1,32,0,2,2,1,1,1,1,2,2,2,2,2,2,2,1,2,2,2,2,0,1,1,1,2,1,1.79769313486232e+308,5,0.0632618828781882,3,969.409465
328,1,3,1405,1450,1,12,2,1,1,2,2,1,1,1,72,0,2,2,1,1,1,1,2,2,1,2,2,2,2,2,2,2,2,2,1,1,1,1,2,1,1.79769313486232e+308,6,0.217945036981949,3,969.409465
329,1,4,1345,1620,1,7,2,1,1,3,3,1,1,1,32,0,2,2,1,2,2,2,2,2,2,2,2,2,2,1,2,2,2,2,1,3,5,2,2,1,1.79769313486232e+308,7,-1.35135601407392,1,1683.377888
330,1,27,1330,1405,1,6,1,2,2,0,0,1,1,2,27,0,2,1,1,1,1,2,2,2,2,2,2,2,2,2,2,2,2,2,1,7,1,3,2,1,1.79769313486232e+308,2,-0.191831989544933,3,1683.377888
331,1,24,810,945,1,5,1,1,1,1,1,1,1,1,62,0,2,2,1,1,1,1,1,2,2,2,1,2,2,2,2,2,2,2,1,2,1,2,2,1,1.79769313486232e+308,5,0.215589399545832,3,2234.619805
332,2,23,800,940,1,6,1,1,1,0,0,1,1,1,32,0,2,2,1,1,1,1,2,2,2,2,1,2,2,1,2,2,2,2,2,7,1,1,2,1,1.79769313486232e+308,5,0.557730020739078,4,2224.479667
333,2,28,1500,1715,1,6,2,1,1,3,3,1,1,1,31,0,2,2,1,2,1,2,2,2,2,2,2,2,2,1,2,2,2,2,1,3,5,5,2,1,1.79769313486232e+308,7,-1.30622986601964,1,2224.479667
334,2,22,1000,1100,1,7,1,1,1,0,0,1,1,1,66,0,2,2,1,1,1,1,2,2,2,2,2,2,2,1,2,2,2,2,2,7,1,1,2,1,1.79769313486232e+308,3,0.303130319778148,4,2259.404962
335,2,22,1130,1330,1,7,1,1,1,3,3,1,1,1,32,0,2,2,1,2,1,2,2,2,2,2,2,2,2,1,2,2,2,2,1,7,5,5,1,1,1.79769313486232e+308,5,-0.861692550538135,2,2259.404962
336,1,4,1200,1220,1,16,1,3,3,1,1,1,1,1,37,0,2,2,1,1,1,1,2,2,2,2,2,2,2,2,2,2,2,2,2,2,5,9,2,1,1.79769313486232e+308,7,-0.750584469341881,2,1794.669975
337,1,5,1259,1325,1,18,1,1,1,0,0,1,1,1,67,0,2,2,1,1,1,2,2,2,2,2,2,2,2,2,2,2,2,2,2,2,1,2,1,1,1.79769313486232e+308,6,-0.417777299861571,2,1794.669975
338,1,23,1535,1615,1,18,1,1,1,1,1,1,1,1,43,0,2,2,1,1,1,1,1,2,1,2,1,2,2,2,1,2,2,2,0,7,1,3,2,1,1.79769313486232e+308,7,0.943948794919578,5,1928.34189
339,1,23,1625,1650,1,17,1,1,1,1,1,1,1,1,31,0,2,2,1,1,2,1,2,2,2,2,2,2,2,1,2,2,2,2,2,3,1,2,2,1,1.79769313486232e+308,4,-0.48439050877142,2,1928.34189
340,2,26,1100,1145,1,16,1,1,1,3,3,1,1,1,41,0,2,2,1,1,2,2,2,2,2,2,2,2,2,2,2,2,2,2,2,2,1,2,2,1,1.79769313486232e+308,8,-0.692652644068645,2,2903.213382
341,2,26,1020,1035,1,17,1,0,0,0,0,1,1,1,61,0,2,2,1,1,2,2,2,2,2,2,2,2,2,2,2,2,2,2,2,7,1,4,2,1,1.79769313486232e+308,3,-0.380806664607649,2,2903.213382
342,2,26,1040,1100,1,16,1,1,1,0,0,1,1,1,45,0,2,2,1,1,1,1,2,2,2,2,2,2,2,2,2,2,2,2,2,1,1,2,1,1,1.79769313486232e+308,5,-0.209576026542438,3,2903.213382
343,2,26,1437,1457,1,17,1,1,1,0,0,1,1,1,29,0,2,2,1,1,2,2,2,2,2,2,2,2,2,1,2,2,2,2,1,2,1,5,1,1,1.79769313486232e+308,2,-0.592486377721866,2,2903.213382
344,2,26,1530,1550,1,18,1,1,1,1,1,1,1,1,32,0,2,2,1,1,1,1,2,2,2,2,2,2,2,2,2,2,2,2,1,3,1,2,2,1,1.79769313486232e+308,5,-0.414244905123984,2,2903.213382
345,2,26,1530,1550,1,16,1,2,2,0,0,1,1,1,46,0,2,2,1,1,2,1,2,2,1,2,2,2,2,2,2,2,2,2,1,2,1,2,2,1,1.79769313486232e+308,5,-0.240240201127673,3,2903.213382
346,2,27,1410,1425,1,18,1,1,1,2,2,1,1,1,36,0,2,2,1,1,1,1,2,2,1,2,2,2,2,2,2,2,2,2,1,7,1,1,2,1,1.79769313486232e+308,4,0.457813473881909,4,2268.051347
347,2,29,925,935,1,17,1,1,1,0,0,1,1,1,51,0,2,2,1,2,1,2,2,2,2,2,2,2,2,2,2,2,2,2,1,1,5,9,2,1,1.79769313486232e+308,3,-1.20000407802156,1,2562.959695
348,2,30,1120,1125,1,16,1,0,0,0,0,1,1,1,23,0,2,1,2,1,2,2,2,2,2,2,2,2,2,2,2,2,2,2,1,6,1,1,2,1,1.79769313486232e+308,1,0.0184432291948209,3,2562.959695
349,1,24,1035,1050,1,17,1,0,0,0,0,1,1,1,97,0,2,3,2,1,1,1,2,2,1,2,2,2,2,2,2,2,2,2,2,7,1,1,2,1,1.79769313486232e+308,2,0.476977516527528,4,1778.380132
350,1,24,1140,1155,1,18,1,1,1,1,1,1,1,1,39,0,2,2,1,1,1,1,2,2,2,2,2,2,2,2,2,2,2,2,1,2,1,1,2,1,1.79769313486232e+308,4,-0.00629813884313695,3,1778.380132
351,1,25,1350,1420,1,17,2,2,2,2,2,1,1,1,38,0,2,2,1,1,1,1,2,2,1,2,2,2,1,2,2,2,2,2,3,2,1,4,1,1,1.79769313486232e+308,7,0.462508223582898,4,1778.380132
352,1,25,1410,1415,1,16,1,0,0,0,0,1,1,1,72,0,2,2,1,1,1,1,1,2,1,2,1,2,1,2,2,2,2,2,1,1,1,1,2,3,1.79769313486232e+308,2,1.10422372915586,5,1778.380132
353,1,27,1000,1200,1,21,2,7,7,3,3,1,1,1,52,0,1,0,0,1,1,1,1,2,1,2,1,2,1,1,2,2,2,2,3,7,1,1,2,1,1.79769313486232e+308,13,1.42363618467552,5,1798.157105
354,1,27,1300,1400,1,21,1,1,1,1,1,1,1,1,35,0,1,0,0,1,1,1,1,1,1,1,1,2,1,2,2,2,2,2,3,1,1,1,2,1,1.79769313486232e+308,4,1.76487736173334,5,1798.157105
355,1,29,800,900,1,21,1,1,1,1,1,1,1,1,54,0,2,2,2,1,1,1,2,2,1,2,1,2,2,2,2,2,2,2,1,7,1,1,2,1,1.79769313486232e+308,5,0.712413174842839,4,1798.157105
356,1,28,830,930,1,19,2,1,1,2,2,1,1,1,31,0,2,2,1,1,1,1,2,2,1,2,2,2,2,1,2,2,2,2,2,7,1,1,1,1,1.79769313486232e+308,7,0.662543214441547,4,1495.032479
357,1,24,835,945,1,19,1,2,2,1,1,1,1,2,61,0,2,3,1,1,1,1,2,2,2,2,2,2,2,2,2,2,2,2,1,7,1,1,2,1,1.79769313486232e+308,7,0.223586301158446,4,1495.032479
358,1,2,1300,1400,1,21,1,1,1,2,2,1,1,1,26,0,2,2,1,1,1,1,2,2,2,2,2,2,2,1,2,2,2,2,1,7,1,4,2,1,1.79769313486232e+308,4,0.066612246496701,3,1914.436753
359,1,2,1500,1600,1,21,1,0,0,0,0,1,1,1,28,0,2,1,1,1,1,1,2,2,2,2,2,2,2,2,2,2,2,2,2,7,4,3,2,1,1.79769313486232e+308,3,-0.270451239547474,3,1914.436753
360,1,4,900,1000,1,21,1,1,1,2,2,1,1,1,29,0,2,2,1,1,1,1,2,2,2,2,2,2,2,2,2,2,2,2,1,7,1,1,2,1,1.79769313486232e+308,6,0.223586301158446,4,1914.436753
361,1,30,940,1000,1,20,1,0,0,0,0,1,1,2,60,0,2,3,2,2,2,2,2,2,2,2,2,2,2,2,2,2,2,2,1,3,1,2,2,1,1.79769313486232e+308,1,-0.984206096526809,1,1913.448072
362,1,4,1330,1425,1,20,2,2,2,1,1,1,1,2,35,0,2,5,1,1,1,1,2,2,2,2,1,2,2,2,2,2,2,2,2,1,1,1,2,1,1.79769313486232e+308,4,0.238317565219416,4,2016.916447
363,1,4,950,1055,1,20,1,2,2,1,1,1,1,1,42,0,2,2,1,1,1,1,2,2,2,2,2,2,2,2,2,2,2,2,1,7,1,2,2,1,1.79769313486232e+308,8,-0.0948933115824146,3,2016.916447
364,1,22,900,945,1,20,1,1,1,0,0,1,1,1,50,0,2,2,1,1,1,1,1,2,1,2,1,2,2,2,2,2,2,2,1,7,1,2,2,1,1.79769313486232e+308,3,0.679701012270877,4,1767.225625
365,2,22,1600,1700,1,22,1,0,0,0,0,1,1,1,76,0,2,2,1,1,1,1,2,2,2,2,2,2,2,2,2,2,2,2,2,7,1,1,2,1,1.79769313486232e+308,3,0.223586301158446,4,2089.673438
366,2,24,730,830,1,22,1,1,1,1,1,1,1,1,37,0,2,2,1,1,1,2,2,2,2,2,2,2,2,1,2,2,2,2,2,3,5,2,2,1,1.79769313486232e+308,5,-0.980416050242984,1,2089.673438
367,1,24,905,955,1,6,1,1,1,1,1,1,1,2,47,0,2,2,1,1,1,2,2,2,2,2,2,2,2,2,2,2,2,2,3,7,1,2,2,1,1.79769313486232e+308,5,-0.313078581799924,3,1116.220281
368,2,27,755,900,1,7,1,1,1,3,3,1,1,1,47,0,2,2,1,1,1,2,2,2,2,2,2,2,2,1,2,2,2,2,2,2,5,5,2,1,1.79769313486232e+308,9,-0.995512370915858,1,2404.158035
369,2,1,700,710,1,6,2,0,0,0,0,1,1,1,73,0,2,3,2,1,1,2,2,2,2,2,2,2,2,2,2,2,1,2,1,1,5,5,2,1,1.79769313486232e+308,1,-1.17223501602509,1,2397.553205
370,1,25,1338,1415,1,9,1,1,1,1,1,1,1,1,32,0,2,2,1,2,2,2,2,2,2,2,2,2,2,2,2,2,2,2,1,7,5,3,2,1,1.79769313486232e+308,3,-0.990301846897062,1,1676.771368
371,1,25,1417,1442,1,9,1,1,1,0,0,1,1,2,75,0,2,3,2,1,1,2,2,2,1,2,2,2,2,2,2,2,2,2,1,7,1,1,2,1,1.79769313486232e+308,6,0.2396282036644,4,1676.771368
372,1,25,1445,1533,1,10,1,3,3,3,3,1,1,2,63,0,2,3,1,1,1,1,2,1,1,1,1,2,1,1,1,2,2,2,3,7,1,1,2,2,1,9,1.94152355747781,5,1676.771368
373,2,3,1030,1115,1,7,1,1,1,1,1,1,1,1,39,0,2,2,1,2,1,2,2,2,2,2,2,2,2,1,2,2,2,2,2,1,5,5,1,1,1.79769313486232e+308,5,-1.1015609874381,1,1436.899515
374,2,4,900,930,1,7,1,2,2,0,0,1,1,2,66,0,2,3,2,2,1,1,2,2,2,2,2,2,2,2,1,2,2,2,2,7,1,1,2,1,1.79769313486232e+308,9,0.145337149988359,3,1436.899515
375,2,4,945,1015,1,7,1,0,0,0,0,1,1,1,56,0,2,2,1,2,2,2,2,2,2,2,2,2,2,2,2,2,2,2,2,3,5,5,2,1,1.79769313486232e+308,4,-1.53546350690648,1,1436.899515
376,2,4,1030,1045,1,7,1,0,0,0,0,1,1,1,36,0,2,1,1,2,1,2,2,2,2,2,2,2,2,2,2,2,2,2,1,1,5,5,2,1,1.79769313486232e+308,1,-1.28712668535211,1,1436.899515
377,2,4,1100,1130,1,7,1,2,2,0,0,1,1,1,76,0,2,2,1,2,1,2,2,2,2,2,2,2,2,2,2,2,2,2,3,1,5,5,2,1,1.79769313486232e+308,6,-1.30629072799773,1,1436.899515
378,1,25,955,1100,1,8,1,3,3,0,0,1,1,1,45,0,2,2,1,1,1,1,2,2,2,2,2,2,2,2,1,2,2,2,2,7,1,2,2,1,1.79769313486232e+308,6,0.0481078788112951,3,1317.539326
379,1,25,1440,1530,1,8,1,1,1,2,2,1,1,1,23,0,2,2,8,1,2,2,2,2,2,2,2,2,2,2,2,2,2,2,1,3,5,5,2,1,1.79769313486232e+308,4,-1.31421316534268,1,1317.539326
380,1,22,1420,1450,1,9,1,1,1,0,0,1,1,1,52,0,2,2,1,1,1,1,2,2,1,2,2,2,2,2,2,2,2,2,2,7,1,3,2,1,1.79769313486232e+308,2,0.279744496041658,4,1156.172557
381,1,30,1320,1415,1,8,2,5,5,0,0,1,1,2,64,0,2,3,1,1,1,1,2,1,1,2,2,2,2,2,2,2,2,2,3,5,1,1,1,1,1.79769313486232e+308,10,0.954318815391506,5,2026.257764
382,1,1,1450,1600,1,8,1,1,1,0,0,1,1,1,63,0,2,2,1,1,1,1,1,2,1,1,2,2,2,2,2,1,2,2,2,2,1,1,1,1,1.79769313486232e+308,4,1.32972820291151,5,2026.257764
383,1,2,810,900,1,8,1,0,0,0,0,1,1,1,48,0,2,2,1,1,2,2,2,2,1,2,2,2,2,2,2,2,2,2,3,7,1,2,3,1,1.79769313486232e+308,3,-0.20937698869798,3,2026.257764
384,1,3,810,900,1,8,1,1,1,1,1,1,1,2,63,0,2,3,1,1,1,1,2,2,1,2,2,2,2,2,1,2,2,2,2,7,1,1,2,1,1.79769313486232e+308,5,0.600814664275619,4,2026.257764
385,2,24,1307,1440,1,8,1,1,1,0,0,1,1,1,60,0,2,3,2,1,1,1,2,2,1,2,2,2,2,1,2,2,1,2,2,7,1,1,1,1,1.79769313486232e+308,5,0.556184542204773,4,3160.020779
386,2,25,1130,1155,1,5,1,1,1,2,2,1,1,1,36,0,2,2,1,1,1,2,2,2,2,2,2,2,2,2,2,2,2,2,3,1,5,5,2,1,1.79769313486232e+308,8,-1.08504038643394,1,3111.631433
387,1,22,1107,1120,1,5,1,2,1,0,0,1,1,1,35,0,2,2,1,1,1,1,1,1,1,2,2,2,2,2,2,2,2,2,2,7,1,3,2,1,1.79769313486232e+308,5,0.837635811682,5,1100.302481
388,1,23,945,1000,1,5,1,4,4,0,0,1,1,1,75,0,2,2,1,1,1,1,2,2,1,2,2,2,2,1,2,2,2,2,3,7,1,3,2,1,1.79769313486232e+308,7,0.340124472015741,4,1100.302481
389,2,24,1450,1556,1,5,1,3,3,0,0,1,1,1,41,0,2,2,3,2,1,2,2,2,2,2,2,2,2,2,2,2,1,2,3,3,5,5,2,1,1.79769313486232e+308,7,-1.49213255687612,1,1694.348575
390,2,25,1605,1715,1,5,1,3,3,0,0,1,1,1,67,0,2,3,3,2,1,2,2,2,2,2,2,2,2,2,2,2,1,2,3,3,5,5,2,1,1.79769313486232e+308,7,-1.49213255687612,1,1694.348575
391,2,29,923,1058,1,4,1,1,1,2,2,1,1,1,22,0,2,2,3,2,1,2,2,2,2,2,2,2,2,2,2,2,2,2,1,3,5,5,2,1,1.79769313486232e+308,5,-1.38577388463934,1,1786.430642
392,2,29,920,1045,1,5,1,1,1,1,1,1,1,1,26,0,2,2,1,2,1,2,2,2,2,2,2,2,2,2,2,2,1,2,1,3,5,5,2,1,1.79769313486232e+308,3,-1.49213255687612,1,1786.430642
393,1,22,1258,1423,1,4,1,1,1,1,1,1,1,1,39,0,2,2,2,1,2,2,2,2,2,2,2,2,2,2,2,2,2,2,3,3,5,5,2,1,1.79769313486232e+308,7,-1.31421316534268,1,1232.045098
394,1,22,1608,1727,1,4,1,1,1,1,1,1,1,1,32,0,2,2,3,2,2,2,2,2,2,2,2,2,2,2,2,2,2,2,2,3,5,5,2,1,1.79769313486232e+308,6,-1.53546350690648,1,1232.045098
395,1,24,1125,1248,1,4,1,1,1,1,1,1,1,2,52,0,2,3,3,1,1,2,2,2,2,2,2,2,2,1,2,2,2,2,3,2,1,2,2,1,1.79769313486232e+308,6,-0.463419003181804,2,1232.045098
396,1,22,1650,1715,1,9,1,0,0,0,0,1,1,1,78,0,2,2,1,1,1,1,2,2,1,2,1,2,2,2,2,2,2,2,2,7,1,1,2,1,1.79769313486232e+308,2,0.731577217488458,4,1435.462308
397,1,2,725,745,1,10,1,1,1,1,1,1,1,1,31,0,2,2,1,1,2,2,2,2,2,2,2,2,2,2,2,2,2,2,2,2,5,2,2,1,1.79769313486232e+308,6,-1.12018253758984,1,1311.103535
398,1,3,910,955,1,10,1,1,1,0,0,1,1,1,49,0,2,2,1,2,2,2,2,2,2,2,2,2,2,1,2,2,2,2,2,2,5,2,2,1,1.79769313486232e+308,6,-1.26188886053393,1,1311.103535
399,1,30,1100,1230,1,14,2,2,2,0,0,1,1,1,62,0,2,2,2,1,2,1,2,2,2,2,2,2,2,2,2,2,2,2,3,2,1,5,2,1,1.79769313486232e+308,10,-0.579030848063996,2,2120.781893
400,1,29,1110,1215,1,15,1,1,1,3,3,1,1,1,33,0,2,2,1,1,1,2,2,2,2,2,2,2,2,2,2,2,2,2,1,7,1,5,2,1,1.79769313486232e+308,8,-0.417642056012783,2,2120.781893
401,1,1,900,945,1,14,1,1,1,1,1,1,1,1,30,0,2,2,1,1,1,1,2,2,1,2,2,2,2,2,2,2,2,2,1,7,1,3,1,1,1.79769313486232e+308,3,0.385766175335975,4,2120.781893
402,1,1,900,1000,1,15,1,1,1,0,0,1,1,1,58,0,2,2,1,1,1,1,2,1,1,2,2,2,2,2,2,2,2,2,2,7,1,1,4,1,1.79769313486232e+308,6,0.749101381998972,4,2120.781893
403,2,2,900,930,1,14,1,0,0,0,0,1,1,2,63,0,2,3,1,1,2,2,2,2,2,2,2,2,2,2,2,2,2,2,1,3,1,8,3,3,1.79769313486232e+308,1,-0.78011937486151,2,2293.945846
404,2,2,935,1045,1,14,1,1,1,1,1,1,1,1,44,0,2,2,2,1,1,2,2,2,2,2,2,2,2,2,2,2,2,2,1,3,1,5,2,1,1.79769313486232e+308,5,-0.736993649554353,2,2293.945846
405,2,3,1330,1410,1,15,1,1,0,0,0,1,1,1,42,0,2,2,1,1,1,1,2,2,1,2,2,2,2,2,2,2,2,2,2,7,1,1,2,1,1.79769313486232e+308,3,0.457813473881909,4,2293.945846
406,2,26,920,1020,1,14,1,0,0,0,0,1,1,1,54,0,2,2,1,1,1,1,2,2,2,2,2,2,2,2,2,2,2,2,2,7,1,2,2,1,1.79769313486232e+308,4,-0.0948933115824146,3,2149.395833
407,2,29,1600,1750,1,6,1,1,1,3,3,1,1,1,27,0,2,2,2,2,1,2,2,2,2,2,2,2,2,2,2,2,1,2,1,2,5,2,1,1,1.79769313486232e+308,6,-1.17291620718334,1,892.82678
408,1,23,955,1055,1,16,1,2,2,0,0,1,1,1,49,0,2,2,1,2,1,2,2,2,2,2,2,2,2,2,2,2,2,2,3,1,8,5,2,1,1.79769313486232e+308,4,-1.13088997221998,1,1158.587838
409,1,23,1105,1140,1,16,2,1,1,0,0,1,1,1,59,0,2,2,1,2,1,2,2,2,2,2,2,2,2,2,2,2,2,2,2,7,1,5,2,1,1.79769313486232e+308,3,-0.63889239757658,2,1158.587838
410,1,23,910,1050,1,16,1,1,1,0,0,1,1,1,42,0,2,2,1,1,1,2,2,2,1,2,2,2,2,2,2,2,2,2,1,7,1,5,2,1,1.79769313486232e+308,6,-0.18341488328932,3,1158.587838
411,1,29,1410,1540,1,16,2,2,2,1,1,1,1,2,56,0,2,3,3,1,1,1,2,2,1,2,2,2,2,2,2,2,2,2,3,7,1,1,2,3,1.79769313486232e+308,6,0.457813473881909,4,1607.082171
412,1,26,1146,1220,1,16,1,1,1,1,1,1,1,1,35,0,2,2,1,1,1,1,2,2,1,2,2,2,2,2,2,2,2,2,2,7,1,1,2,2,1,5,0.457813473881909,4,1607.082171
413,1,30,1000,1030,1,16,1,1,1,0,0,1,1,1,38,0,2,2,1,1,1,1,2,1,2,2,2,2,2,1,2,2,2,2,1,7,1,1,2,1,1.79769313486232e+308,2,0.594418227895211,4,1607.082171
414,2,2,930,1030,1,16,1,1,1,0,0,1,1,1,32,0,2,2,1,1,1,1,2,2,2,2,2,2,2,1,2,2,2,2,1,1,1,1,2,1,1.79769313486232e+308,5,0.0632618828781882,3,2492.296875
415,2,3,935,1035,1,16,1,1,1,0,0,1,1,1,38,0,2,2,1,1,1,2,2,2,2,2,2,2,2,2,2,2,2,2,2,7,1,1,2,1,1.79769313486232e+308,4,0.0054010309409368,3,2492.296875
416,2,3,1435,1535,1,16,1,1,0,0,0,1,1,1,39,0,2,2,1,1,1,1,2,2,2,2,1,2,2,1,2,2,2,2,2,7,8,9,2,1,1.79769313486232e+308,4,-0.0111555539819109,3,2492.296875
417,2,25,1045,1210,1,2,1,1,1,2,2,1,1,1,35,0,2,2,1,2,2,2,2,2,2,2,2,2,2,2,2,2,2,2,1,7,1,3,2,1,1.79769313486232e+308,6,-0.562771953375868,2,2690.527462
418,2,26,802,845,1,3,1,1,1,1,1,1,1,1,25,0,2,2,1,2,2,2,2,2,2,2,2,2,2,2,2,2,2,2,1,3,5,5,2,1,1.79769313486232e+308,3,-1.53546350690648,1,1296.508533
419,2,27,816,900,1,3,1,0,0,0,0,1,1,1,30,0,2,5,1,2,1,2,2,2,2,2,2,2,2,2,2,2,2,2,2,1,5,5,2,1,1.79769313486232e+308,4,-1.30629072799773,1,1296.508533
420,2,27,915,1008,1,3,2,1,1,0,0,1,1,1,30,0,2,2,1,2,1,2,2,2,2,2,2,2,2,2,2,2,2,2,2,3,5,5,2,1,1.79769313486232e+308,7,-1.38577388463934,1,1296.508533
421,1,30,1625,1640,1,3,1,1,1,1,1,1,1,1,34,0,2,2,1,1,2,2,2,2,2,2,2,2,2,2,2,2,2,2,1,3,5,2,2,1,1.79769313486232e+308,3,-1.20964969112983,1,1211.837121
422,1,3,1503,1551,1,3,2,1,1,1,1,1,1,2,48,0,2,3,1,1,2,2,2,2,2,2,2,2,2,2,2,2,1,2,2,3,5,2,2,1,1.79769313486232e+308,7,-1.3160083633666,1,1211.837121
423,1,23,1600,1805,1,4,2,4,4,1,1,1,1,1,45,0,2,2,1,2,2,2,2,2,2,2,2,2,2,2,2,2,2,2,3,7,1,3,2,1,1.79769313486232e+308,12,-0.562771953375868,2,1110.505997
424,1,23,1053,1125,1,7,1,2,2,1,1,1,1,1,44,0,2,2,1,1,1,2,2,2,1,2,1,2,2,1,2,2,2,2,2,2,1,2,2,1,1.79769313486232e+308,4,0.0254078705025892,3,1273.991452
425,1,23,955,1025,1,7,1,2,2,0,0,1,1,1,41,0,2,2,1,1,1,1,2,2,1,1,2,2,2,2,2,2,2,2,4,2,1,2,2,1,1.79769313486232e+308,8,0.278815145599881,4,1273.991452
426,1,24,1555,1703,1,7,1,2,2,0,0,1,1,1,53,0,2,2,1,1,2,2,2,2,2,2,2,2,2,2,2,2,2,2,2,3,1,5,2,1,1.79769313486232e+308,4,-0.886683271821491,2,1273.991452
427,2,27,1300,1415,1,6,1,1,1,0,0,1,1,1,40,0,2,2,1,1,1,1,1,2,1,2,1,2,2,2,1,2,2,2,2,7,1,1,1,1,1.79769313486232e+308,4,1.26636753734538,5,1494.479444
428,2,28,800,910,1,6,1,1,1,0,0,1,1,1,43,0,2,2,1,1,1,1,1,2,1,2,1,2,2,2,2,2,2,2,2,7,1,1,1,1,1.79769313486232e+308,2,1.14253038959729,5,1494.479444
429,1,1,1045,1100,1,4,1,0,0,0,0,1,1,1,73,0,2,2,3,1,1,2,2,2,2,2,2,2,2,2,2,2,2,2,2,4,1,2,2,1,1.79769313486232e+308,2,-0.343104108054987,2,1167.554425
430,1,29,1300,1330,1,1.79769313486232e+308,1,1,1,0,0,1,1,1,26,0,2,2,1,1,1,1,2,2,2,2,1,2,2,2,2,2,2,2,1,7,1,1,2,1,1.79769313486232e+308,3,0.478186002119376,4,2830.076726
431,1,28,1500,1550,1,1.79769313486232e+308,2,3,3,1,1,1,1,2,42,0,2,3,1,1,1,1,2,2,1,2,1,2,2,2,2,2,2,2,3,7,1,1,2,1,1.79769313486232e+308,5,0.712413174842839,4,2897.991479
432,1,25,1340,1445,1,1.79769313486232e+308,1,1,1,1,1,1,1,1,28,0,2,2,1,1,2,1,2,2,2,2,2,2,2,2,2,2,2,2,1,7,1,1,2,1,1.79769313486232e+308,3,0.0738966788913073,3,2897.991479
433,1,28,1300,1350,1,1.79769313486232e+308,1,1,1,2,2,1,1,1,28,0,2,2,1,1,1,1,2,2,2,2,1,2,2,2,2,2,2,2,2,7,1,1,2,1,1.79769313486232e+308,5,0.478186002119376,4,1478.756073
434,1,23,1500,1545,1,1.79769313486232e+308,1,1,1,1,1,1,1,2,50,0,2,5,1,1,1,1,2,2,1,2,2,2,2,2,2,2,2,2,1,7,1,1,2,3,1.79769313486232e+308,4,0.457813473881909,4,290.364786
435,1,23,800,845,1,1.79769313486232e+308,1,1,1,0,0,1,1,1,33,0,2,2,1,1,1,1,2,2,2,2,2,2,2,2,2,2,2,2,1,7,1,1,4,1,1.79769313486232e+308,2,0.223586301158446,4,290.364786
436,1,5,900,945,1,1.79769313486232e+308,1,3,3,1,1,1,1,1,43,0,2,2,1,1,1,1,1,1,1,1,1,1,1,2,2,1,2,2,2,8,2,1,1,1,1.79769313486232e+308,5,3.17022357364234,5,2660.603095
437,1,29,1220,1240,1,1,1,1,1,0,0,1,1,1,27,0,2,1,1,1,2,1,2,2,2,2,2,2,2,2,1,2,2,2,2,7,1,1,1,1,1.79769313486232e+308,3,0.342083591224953,4,1476.398551
438,1,4,900,920,1,3,1,4,4,1,1,1,1,1,36,0,1,0,0,1,1,1,1,1,1,1,1,1,2,2,2,2,2,2,2,7,1,1,1,1,1.79769313486232e+308,9,2.15052004650068,5,1476.398551
439,1,4,932,950,1,2,1,2,2,0,0,1,1,1,52,0,2,2,1,1,1,1,1,2,1,2,1,2,2,2,2,1,2,2,2,7,1,3,2,3,1.79769313486232e+308,7,1.1224278769878,5,1476.398551
440,1,25,855,925,1,2,1,1,1,1,1,1,1,2,63,0,2,3,1,1,1,1,1,2,2,2,2,2,2,1,2,2,2,2,2,7,1,1,1,1,1.79769313486232e+308,8,0.714083491886983,4,351.808483
441,1,12,800,820,1,1,3,1,1,0,0,1,1,1,39,0,2,2,1,1,2,2,2,2,2,2,2,2,2,2,2,2,2,2,1,7,1,1,2,1,1.79769313486232e+308,2,-0.144288591326202,3,351.808483
442,1,10,1030,1050,1,3,1,1,1,0,0,1,1,2,59,0,2,1,1,1,1,1,1,1,1,1,1,2,1,2,2,1,2,2,3,7,1,1,2,1,1.79769313486232e+308,2,2.34539011374085,5,280.408086
443,1,27,900,915,1,2,1,1,1,0,0,1,1,1,68,0,2,2,1,1,1,1,1,2,1,1,1,2,1,2,2,1,2,2,2,7,1,1,4,3,1.79769313486232e+308,3,2.03493816297817,5,319.408975
444,1,12,1130,1205,1,4,3,1,1,0,0,1,1,2,85,0,2,3,1,1,1,1,1,1,1,2,2,2,1,2,2,1,2,2,2,6,1,1,4,1,1.79769313486232e+308,4,1.84582842354929,5,319.408975
445,1,26,1145,1215,1,1,1,1,1,1,1,1,1,1,34,0,2,2,1,1,2,1,2,2,1,2,2,2,2,2,2,2,2,2,1,7,1,1,1,1,1.79769313486232e+308,4,0.433309573554706,4,254.67875
446,1,23,800,900,1,1,1,1,1,1,1,1,1,1,24,0,2,2,2,1,1,1,2,2,2,2,2,2,2,2,2,2,2,2,1,2,1,2,2,1,1.79769313486232e+308,3,-0.324777751583997,2,297.758737
447,1,23,1030,1130,1,4,1,0,0,0,0,1,1,1,34,0,2,5,1,1,2,1,2,2,2,2,2,2,2,2,2,1,2,2,1,7,1,1,4,1,1.79769313486232e+308,4,0.395376951353238,4,297.758737
448,1,10,1400,1415,1,2,2,3,3,0,0,1,1,1,60,0,2,2,1,1,2,1,1,2,1,2,1,2,2,1,2,1,2,2,2,7,1,1,1,1,1.79769313486232e+308,5,1.37470101576617,5,1265.484472
449,1,24,800,855,1,4,1,1,1,2,2,1,1,1,29,0,2,2,1,1,2,1,2,2,2,2,2,2,2,2,2,2,2,2,1,7,1,3,2,1,1.79769313486232e+308,4,-0.123336341594563,3,1265.484472
450,1,2,1115,1125,1,2,1,1,1,0,0,1,1,2,61,0,2,3,1,1,1,1,2,2,2,2,2,2,2,2,2,2,2,2,1,7,1,3,2,1,1.79769313486232e+308,2,0.026353280672576,3,1486.403449
451,1,2,1055,1115,1,1,1,2,2,0,0,1,1,2,53,0,2,3,1,1,1,1,2,2,1,2,2,2,2,2,2,2,2,2,1,7,1,1,2,1,1.79769313486232e+308,4,0.457813473881909,4,1486.403449
452,1,30,845,950,2,4,2,2,1,0,0,1,1,1,42,0,2,2,1,1,1,1,1,1,1,1,1,1,1,1,2,1,2,2,3,8,1,1,1,1,1.79769313486232e+308,6,1.79769313486232e+308,1.79769313486232e+308,1758.363261
453,1,1,1010,1120,1,4,3,2,2,0,0,1,1,2,23,0,2,1,1,1,1,1,1,2,1,2,2,2,2,2,2,2,2,2,1,4,1,1,4,3,1.79769313486232e+308,3,0.694391355150125,4,1758.363261
454,1,3,1000,1020,1,2,1,4,4,0,0,1,1,1,58,0,2,2,1,1,1,1,1,1,1,1,1,1,1,2,2,1,1,2,5,8,1,1,1,3,1.79769313486232e+308,8,2.92796610559815,5,3530.754032
455,1,25,1315,1435,1,4,2,4,4,1,1,1,1,2,29,0,2,1,1,1,1,1,2,2,2,2,2,2,2,2,2,2,2,2,3,7,1,1,2,1,1.79769313486232e+308,11,0.223586301158446,4,466.957737
456,1,4,900,950,1,1.79769313486232e+308,3,1,1,2,2,1,1,1,25,0,1,0,0,1,1,1,2,2,1,2,1,2,2,2,2,2,2,2,2,7,1,1,1,1,1.79769313486232e+308,4,0.837598896782775,5,1043.983871
457,1,27,1656,1721,1,1,2,1,1,0,0,1,1,1,51,0,2,2,1,1,2,1,2,2,2,2,2,2,2,2,2,2,2,2,2,7,1,1,2,1,1.79769313486232e+308,5,0.0738966788913073,3,641.034444
458,1,4,318,412,1,1,2,3,3,0,0,1,1,2,43,0,2,2,1,1,1,1,2,1,1,2,1,2,2,2,2,2,2,2,2,7,1,1,2,1,1.79769313486232e+308,7,1.0037010829599,5,3128.892083
459,1,2,1636,1648,1,1,1,1,1,1,1,1,1,1,26,0,2,2,1,1,2,2,2,2,2,2,2,2,2,2,2,2,2,2,1,7,3,1,2,1,1.79769313486232e+308,3,-0.338044532799945,2,3128.892083
460,1,4,451,634,1,1,2,2,2,0,0,1,1,1,43,0,2,2,1,1,1,1,2,2,2,2,1,2,2,2,2,2,2,2,3,7,1,1,2,1,1.79769313486232e+308,6,0.478186002119376,4,3128.892083
461,1,23,1044,1239,1,1,1,2,2,0,0,1,1,2,53,0,2,1,1,1,1,1,2,2,2,2,2,2,2,2,2,2,2,2,4,5,1,2,2,1,1.79769313486232e+308,8,-0.0148616001298166,3,1365.270819
462,1,23,1629,1743,1,1,1,1,1,0,0,1,1,1,26,0,2,1,1,1,1,2,2,2,2,2,2,2,2,2,2,2,2,2,1,7,1,3,2,1,1.79769313486232e+308,3,-0.191831989544933,3,1365.270819
463,1,23,1845,1915,1,3,1,1,1,0,0,1,1,2,44,0,2,3,2,1,1,2,2,2,2,2,2,2,2,2,2,2,2,2,1,7,1,8,2,1,1.79769313486232e+308,2,-0.330242201698422,2,285.708834
464,1,30,915,945,1,3,1,1,1,0,0,1,1,1,33,0,2,2,1,1,1,1,2,2,1,2,2,2,2,2,1,2,2,2,2,7,1,1,1,1,1.79769313486232e+308,6,0.726000386215555,4,69.629019
465,1,1,600,620,1,3,2,1,1,0,0,1,1,1,28,0,2,2,1,1,1,1,2,2,1,2,2,2,2,2,2,2,2,2,1,7,1,1,2,1,1.79769313486232e+308,2,0.457813473881909,4,69.629019
466,1,28,1635,1742,1,2,3,1,1,1,1,1,1,1,37,0,2,2,1,1,1,2,2,2,2,2,2,2,2,2,2,2,2,2,1,2,1,1,2,1,1.79769313486232e+308,3,-0.224483409060646,3,1557.655807
467,1,28,942,1058,1,2,2,2,2,2,2,1,1,1,70,0,2,2,1,1,1,1,1,2,1,2,1,2,2,2,2,2,2,2,3,2,1,1,2,1,1.79769313486232e+308,7,0.768296185010155,4,1557.655807
468,1,30,845,953,2,2,3,1,0,2,2,1,1,1,27,0,2,2,1,1,1,2,2,2,2,2,2,2,2,2,2,2,2,2,1,2,1,1,2,1,1.79769313486232e+308,4,1.79769313486232e+308,1.79769313486232e+308,1701.374085
469,1,4,1457,1555,1,2,1,2,2,1,1,1,1,1,42,0,2,2,1,1,1,1,1,1,1,1,1,1,2,2,2,1,2,2,3,8,1,1,1,1,1.79769313486232e+308,7,2.68841323679085,5,2353.686185
470,1,24,847,936,1,4,1,1,1,0,0,1,1,1,60,0,2,3,1,1,1,1,1,2,1,2,1,2,2,2,2,2,2,2,3,7,1,2,2,1,1.79769313486232e+308,5,0.679701012270877,4,1437.211917
471,1,3,1436,1521,1,4,2,2,2,3,3,1,1,1,33,0,2,2,1,1,1,1,2,1,1,2,1,2,2,2,1,2,2,2,1,7,1,1,1,1,1.79769313486232e+308,6,1.27188799529355,5,1437.211917
472,1,6,900,950,1,1,2,2,2,2,2,1,1,1,35,0,2,2,1,1,1,1,2,1,1,2,2,1,2,1,2,1,2,2,2,8,1,1,1,1,1.79769313486232e+308,5,1.8582243798203,5,470.955062
473,1,4,1000,1040,1,1,2,0,0,1,1,1,1,1,54,0,9,2,1,1,1,1,1,2,1,1,2,2,2,9,9,9,9,9,2,6,1,1,1,1,1.79769313486232e+308,4,1.44178481837668,5,470.955062
474,1,12,1315,1345,1,1,2,4,4,1,1,1,1,1,45,0,2,2,1,1,1,1,1,1,1,1,1,1,1,1,2,1,2,2,4,6,1,1,1,1,1.79769313486232e+308,8,3.0410236565018,5,470.955062
475,1,24,830,900,1,1,1,2,2,0,0,1,1,1,71,0,2,2,1,1,1,1,1,2,1,2,1,2,1,1,2,1,2,2,3,4,1,1,1,1,1.79769313486232e+308,5,1.82111261017671,5,203.154274
476,1,25,1630,1700,1,1,1,0,0,0,0,1,1,1,65,0,2,2,1,1,1,1,2,1,1,2,1,2,1,1,1,2,2,2,3,4,1,1,1,1,1.79769313486232e+308,4,1.64815398605665,5,203.154274
477,1,24,1300,1340,1,1,1,3,3,1,1,1,1,1,53,0,1,0,0,1,1,1,1,1,1,1,1,1,1,2,2,1,2,2,4,8,1,1,1,1,1.79769313486232e+308,9,3.03432477783493,5,203.154274
478,1,16,1045,1145,1,1,2,2,2,0,0,1,1,1,33,0,2,2,1,1,1,1,1,1,1,1,1,1,1,2,2,1,2,2,2,8,1,1,1,1,1.79769313486232e+308,4,3.03432477783493,5,1826.233618
479,1,15,830,915,1,1,1,3,3,0,0,1,1,1,71,0,2,2,1,1,1,1,1,1,1,1,1,1,1,9,2,1,2,2,4,8,2,1,2,3,1.79769313486232e+308,6,3.0450378517024,5,1826.233618
480,1,14,1330,1410,1,1,1,2,2,0,0,1,1,1,56,0,2,2,1,1,1,1,1,1,1,1,1,1,1,2,2,1,2,2,3,8,2,1,1,3,1.79769313486232e+308,5,3.17022357364234,5,1826.233618
481,1,15,1345,1436,1,2,2,4,4,0,0,1,1,1,66,0,2,2,1,1,1,1,1,1,1,1,1,1,1,2,2,1,2,2,3,8,1,1,1,1,1.79769313486232e+308,7,3.03432477783493,5,1826.233618
482,1,30,1600,1650,1,3,3,2,2,0,0,1,1,1,54,0,2,2,1,1,1,1,2,2,1,2,1,2,2,2,2,2,2,2,3,7,1,1,2,1,1.79769313486232e+308,7,0.712413174842839,4,312.723004
483,1,30,1015,1045,2,3,3,1,0,0,0,1,1,1,40,0,2,2,1,1,1,1,2,2,2,2,2,2,2,2,2,2,2,2,1,2,1,2,4,3,1.79769313486232e+308,2,1.79769313486232e+308,1.79769313486232e+308,1499.620296
484,1,29,1500,1520,1,3,1,0,0,0,0,1,1,1,50,0,2,3,2,1,2,2,2,2,2,2,2,2,2,2,2,2,2,2,1,7,1,2,2,3,1.79769313486232e+308,1,-0.443604161421443,2,1499.620296
485,1,4,900,950,1,3,2,2,2,0,0,1,1,2,50,0,2,3,1,1,1,1,1,1,1,1,1,2,2,2,2,1,2,2,3,8,1,1,2,3,1.79769313486232e+308,5,2.19672744787938,5,149.433586
486,1,3,945,1020,1,3,1,1,1,0,0,1,1,1,64,0,2,2,1,1,1,1,1,2,1,1,2,2,2,2,2,1,2,2,2,8,1,1,1,3,1.79769313486232e+308,2,1.79518960338694,5,149.433586
487,1,6,1030,1105,1,3,2,1,1,0,0,1,1,1,58,0,2,2,1,1,1,1,1,1,1,1,1,1,2,1,2,1,2,2,1,8,1,1,2,3,1.79769313486232e+308,2,2.64277153347061,5,149.433586
488,1,6,1420,1445,1,3,4,3,3,0,0,1,1,1,54,0,2,2,1,1,1,1,1,1,1,1,1,2,1,2,1,1,2,2,4,8,1,1,2,3,1.79769313486232e+308,5,2.68564017931717,5,149.433586
489,1,22,1315,1345,1,2,1,1,1,0,0,1,1,1,46,0,2,2,1,1,1,1,2,2,1,2,1,2,2,1,2,2,2,2,2,8,1,1,2,1,1.79769313486232e+308,5,1.00837011129077,5,2740.650794
490,1,1,910,940,1,2,2,3,3,0,0,1,1,1,56,0,2,2,1,1,1,1,1,1,1,1,1,2,2,2,2,1,2,2,3,8,1,1,2,2,1,7,2.19672744787938,5,2740.650794
491,1,1,1025,1115,1,2,2,2,2,0,0,1,1,1,43,0,2,2,1,1,1,1,2,2,1,2,2,2,2,1,2,1,2,2,3,8,1,1,1,1,1.79769313486232e+308,6,1.20043640473171,5,2740.650794
492,1,9,830,905,1,2,2,2,2,0,0,1,1,1,37,0,2,2,1,1,1,1,1,1,1,1,1,2,1,2,2,1,2,2,3,8,1,1,1,1,1.79769313486232e+308,4,2.6678247108634,5,305.84074
493,1,30,820,855,1,1.79769313486232e+308,2,1,1,1,1,1,1,1,31,0,2,2,1,1,2,1,2,2,2,2,2,2,2,2,2,2,2,2,1,2,1,2,1,1,1.79769313486232e+308,3,-0.3492816519112,2,1976.947066
494,1,27,1315,1410,1,1,1,2,2,0,0,1,1,1,57,0,2,2,1,1,1,1,2,2,1,2,2,2,2,1,2,2,2,2,1,7,1,3,2,3,1.79769313486232e+308,6,0.340124472015741,4,372.715768
495,1,29,930,1000,1,2,1,1,1,0,0,1,1,1,31,0,2,2,1,1,2,1,2,2,1,2,2,2,2,2,2,2,2,2,1,7,1,1,2,3,1.79769313486232e+308,2,0.30812385161477,4,1346.17657
496,1,29,1000,1035,1,1,1,3,2,0,0,1,1,2,52,0,2,3,1,1,1,1,1,2,1,2,1,2,2,1,2,2,2,2,2,7,1,1,2,3,1.79769313486232e+308,5,1.07772464363144,5,1346.17657
497,1,30,915,935,1,1,1,1,1,1,1,1,1,1,34,0,2,2,1,1,1,1,2,2,1,2,1,2,2,2,2,2,2,2,1,7,1,1,2,3,1.79769313486232e+308,6,0.712413174842839,4,1346.17657
498,2,30,1310,1325,1,9,1,0,0,0,0,1,1,1,55,0,2,2,1,1,2,2,2,2,1,2,2,2,2,2,2,2,2,2,2,2,7,2,2,1,1.79769313486232e+308,4,-0.810388302106656,2,2136.919284
499,2,2,930,955,1,9,1,1,1,2,2,1,1,1,32,0,2,2,1,1,2,2,2,2,2,2,2,2,2,2,2,2,2,2,1,3,5,2,3,1,1.79769313486232e+308,5,-1.20964969112983,1,2136.919284
500,2,1,945,1015,1,9,1,2,2,0,0,1,1,1,62,0,2,2,1,1,1,2,2,2,2,2,2,2,2,2,2,2,2,2,2,2,7,3,1,1,1.79769313486232e+308,3,-0.648493538368054,2,2136.919284